{"__meta":{"schema_version":3,"schema_name":"KMeansModelV3","schema_type":"KMeansModel"},"model_id":{"__meta":{"schema_version":3,"schema_name":"ModelKeyV3","schema_type":"Key<Model>"},"name":"KMeans_model_python_1669144138890_1","type":"Key<Model>","URL":"/3/Models/KMeans_model_python_1669144138890_1"},"algo":"kmeans","algo_full_name":"K-means","response_column_name":null,"treatment_column_name":null,"data_frame":{"__meta":{"schema_version":3,"schema_name":"FrameKeyV3","schema_type":"Key<Frame>"},"name":"train_hdf","type":"Key<Frame>","URL":"/3/Frames/train_hdf"},"timestamp":1669144265432,"have_pojo":true,"have_mojo":true,"algo":"kmeans","algo_full_name":"K-means","model_id":{"__meta":{"schema_version":3,"schema_name":"ModelKeyV3","schema_type":"Key<Model>"},"name":"KMeans_model_python_1669144138890_1","type":"Key<Model>","URL":"/3/Models/KMeans_model_python_1669144138890_1"},"parameters":[{"__meta":{"schema_version":3,"schema_name":"ModelParameterSchemaV3","schema_type":"Iced"},"name":"model_id","label":"model_id","help":"Destination id for this model; auto-generated if not specified.","required":false,"type":"Key<Model>","default_value":null,"actual_value":{"__meta":{"schema_version":3,"schema_name":"ModelKeyV3","schema_type":"Key<Model>"},"name":"KMeans_model_python_1669144138890_1","type":"Key<Model>","URL":"/3/Models/KMeans_model_python_1669144138890_1"},"input_value":null,"level":"critical","values":[],"is_member_of_frames":[],"is_mutually_exclusive_with":[],"gridable":false},{"__meta":{"schema_version":3,"schema_name":"ModelParameterSchemaV3","schema_type":"Iced"},"name":"training_frame","label":"training_frame","help":"Id of the training data frame.","required":false,"type":"Key<Frame>","default_value":null,"actual_value":{"__meta":{"schema_version":3,"schema_name":"FrameKeyV3","schema_type":"Key<Frame>"},"name":"train_hdf","type":"Key<Frame>","URL":"/3/Frames/train_hdf"},"input_value":{"__meta":{"schema_version":3,"schema_name":"FrameKeyV3","schema_type":"Key<Frame>"},"name":"train_hdf","type":"Key<Frame>","URL":"/3/Frames/train_hdf"},"level":"critical","values":[],"is_member_of_frames":[],"is_mutually_exclusive_with":[],"gridable":false},{"__meta":{"schema_version":3,"schema_name":"ModelParameterSchemaV3","schema_type":"Iced"},"name":"validation_frame","label":"validation_frame","help":"Id of the validation data frame.","required":false,"type":"Key<Frame>","default_value":null,"actual_value":{"__meta":{"schema_version":3,"schema_name":"FrameKeyV3","schema_type":"Key<Frame>"},"name":"valid_hdf","type":"Key<Frame>","URL":"/3/Frames/valid_hdf"},"input_value":{"__meta":{"schema_version":3,"schema_name":"FrameKeyV3","schema_type":"Key<Frame>"},"name":"valid_hdf","type":"Key<Frame>","URL":"/3/Frames/valid_hdf"},"level":"critical","values":[],"is_member_of_frames":[],"is_mutually_exclusive_with":[],"gridable":true},{"__meta":{"schema_version":3,"schema_name":"ModelParameterSchemaV3","schema_type":"Iced"},"name":"nfolds","label":"nfolds","help":"Number of folds for K-fold cross-validation (0 to disable or >= 2).","required":false,"type":"int","default_value":0,"actual_value":0,"input_value":0,"level":"critical","values":[],"is_member_of_frames":[],"is_mutually_exclusive_with":[],"gridable":false},{"__meta":{"schema_version":3,"schema_name":"ModelParameterSchemaV3","schema_type":"Iced"},"name":"keep_cross_validation_models","label":"keep_cross_validation_models","help":"Whether to keep the cross-validation models.","required":false,"type":"boolean","default_value":true,"actual_value":true,"input_value":true,"level":"expert","values":[],"is_member_of_frames":[],"is_mutually_exclusive_with":[],"gridable":false},{"__meta":{"schema_version":3,"schema_name":"ModelParameterSchemaV3","schema_type":"Iced"},"name":"keep_cross_validation_predictions","label":"keep_cross_validation_predictions","help":"Whether to keep the predictions of the cross-validation models.","required":false,"type":"boolean","default_value":false,"actual_value":false,"input_value":false,"level":"expert","values":[],"is_member_of_frames":[],"is_mutually_exclusive_with":[],"gridable":false},{"__meta":{"schema_version":3,"schema_name":"ModelParameterSchemaV3","schema_type":"Iced"},"name":"keep_cross_validation_fold_assignment","label":"keep_cross_validation_fold_assignment","help":"Whether to keep the cross-validation fold assignment.","required":false,"type":"boolean","default_value":false,"actual_value":false,"input_value":false,"level":"expert","values":[],"is_member_of_frames":[],"is_mutually_exclusive_with":[],"gridable":false},{"__meta":{"schema_version":3,"schema_name":"ModelParameterSchemaV3","schema_type":"Iced"},"name":"fold_assignment","label":"fold_assignment","help":"Cross-validation fold assignment scheme, if fold_column is not specified. The 'Stratified' option will stratify the folds based on the response variable, for classification problems.","required":false,"type":"enum","default_value":"AUTO","actual_value":null,"input_value":"AUTO","level":"secondary","values":["AUTO","Random","Modulo","Stratified"],"is_member_of_frames":[],"is_mutually_exclusive_with":[],"gridable":true},{"__meta":{"schema_version":3,"schema_name":"ModelParameterSchemaV3","schema_type":"Iced"},"name":"fold_column","label":"fold_column","help":"Column with cross-validation fold index assignment per observation.","required":false,"type":"VecSpecifier","default_value":null,"actual_value":null,"input_value":null,"level":"secondary","values":[],"is_member_of_frames":["training_frame"],"is_mutually_exclusive_with":["response_column","weights_column","ignored_columns","offset_column"],"gridable":true},{"__meta":{"schema_version":3,"schema_name":"ModelParameterSchemaV3","schema_type":"Iced"},"name":"ignored_columns","label":"ignored_columns","help":"Names of columns to ignore for training.","required":false,"type":"string[]","default_value":null,"actual_value":["Pclass","SibSp","NameTitle","Fare","Embarked","Age_Mean","Ticket_str","Parch","Sex","Ticket_int","cabine_prefix"],"input_value":["Pclass","SibSp","NameTitle","Fare","Embarked","Age_Mean","Ticket_str","Parch","Sex","Ticket_int","cabine_prefix"],"level":"critical","values":[],"is_member_of_frames":["training_frame","validation_frame"],"is_mutually_exclusive_with":["response_column","weights_column","offset_column","fold_column"],"gridable":false},{"__meta":{"schema_version":3,"schema_name":"ModelParameterSchemaV3","schema_type":"Iced"},"name":"ignore_const_cols","label":"ignore_const_cols","help":"Ignore constant columns.","required":false,"type":"boolean","default_value":true,"actual_value":true,"input_value":true,"level":"critical","values":[],"is_member_of_frames":[],"is_mutually_exclusive_with":[],"gridable":false},{"__meta":{"schema_version":3,"schema_name":"ModelParameterSchemaV3","schema_type":"Iced"},"name":"score_each_iteration","label":"score_each_iteration","help":"Whether to score during each iteration of model training.","required":false,"type":"boolean","default_value":false,"actual_value":false,"input_value":false,"level":"secondary","values":[],"is_member_of_frames":[],"is_mutually_exclusive_with":[],"gridable":false},{"__meta":{"schema_version":3,"schema_name":"ModelParameterSchemaV3","schema_type":"Iced"},"name":"k","label":"k","help":"The max. number of clusters. If estimate_k is disabled, the model will find k centroids, otherwise it will find up to k centroids.","required":false,"type":"int","default_value":1,"actual_value":10,"input_value":10,"level":"critical","values":[],"is_member_of_frames":[],"is_mutually_exclusive_with":[],"gridable":true},{"__meta":{"schema_version":3,"schema_name":"ModelParameterSchemaV3","schema_type":"Iced"},"name":"estimate_k","label":"estimate_k","help":"Whether to estimate the number of clusters (<=k) iteratively and deterministically.","required":false,"type":"boolean","default_value":false,"actual_value":true,"input_value":true,"level":"critical","values":[],"is_member_of_frames":[],"is_mutually_exclusive_with":[],"gridable":true},{"__meta":{"schema_version":3,"schema_name":"ModelParameterSchemaV3","schema_type":"Iced"},"name":"user_points","label":"user_points","help":"This option allows you to specify a dataframe, where each row represents an initial cluster center. The user-specified points must have the same number of columns as the training observations. The number of rows must equal the number of clusters","required":false,"type":"Key<Frame>","default_value":null,"actual_value":null,"input_value":null,"level":"expert","values":[],"is_member_of_frames":[],"is_mutually_exclusive_with":[],"gridable":false},{"__meta":{"schema_version":3,"schema_name":"ModelParameterSchemaV3","schema_type":"Iced"},"name":"max_iterations","label":"max_iterations","help":"Maximum training iterations (if estimate_k is enabled, then this is for each inner Lloyds iteration)","required":false,"type":"int","default_value":10,"actual_value":10,"input_value":10,"level":"critical","values":[],"is_member_of_frames":[],"is_mutually_exclusive_with":[],"gridable":true},{"__meta":{"schema_version":3,"schema_name":"ModelParameterSchemaV3","schema_type":"Iced"},"name":"standardize","label":"standardize","help":"Standardize columns before computing distances","required":false,"type":"boolean","default_value":true,"actual_value":false,"input_value":false,"level":"critical","values":[],"is_member_of_frames":[],"is_mutually_exclusive_with":[],"gridable":true},{"__meta":{"schema_version":3,"schema_name":"ModelParameterSchemaV3","schema_type":"Iced"},"name":"seed","label":"seed","help":"RNG Seed","required":false,"type":"long","default_value":-1,"actual_value":1,"input_value":1,"level":"secondary","values":[],"is_member_of_frames":[],"is_mutually_exclusive_with":[],"gridable":true},{"__meta":{"schema_version":3,"schema_name":"ModelParameterSchemaV3","schema_type":"Iced"},"name":"init","label":"init","help":"Initialization mode","required":false,"type":"enum","default_value":"Furthest","actual_value":"Furthest","input_value":"Furthest","level":"critical","values":["Random","PlusPlus","Furthest","User"],"is_member_of_frames":[],"is_mutually_exclusive_with":[],"gridable":true},{"__meta":{"schema_version":3,"schema_name":"ModelParameterSchemaV3","schema_type":"Iced"},"name":"max_runtime_secs","label":"max_runtime_secs","help":"Maximum allowed runtime in seconds for model training. Use 0 to disable.","required":false,"type":"double","default_value":0.0,"actual_value":0.0,"input_value":0.0,"level":"secondary","values":[],"is_member_of_frames":[],"is_mutually_exclusive_with":[],"gridable":true},{"__meta":{"schema_version":3,"schema_name":"ModelParameterSchemaV3","schema_type":"Iced"},"name":"categorical_encoding","label":"categorical_encoding","help":"Encoding scheme for categorical features","required":false,"type":"enum","default_value":"AUTO","actual_value":"Enum","input_value":"AUTO","level":"secondary","values":["AUTO","Enum","OneHotInternal","OneHotExplicit","Binary","Eigen","LabelEncoder","SortByResponse","EnumLimited"],"is_member_of_frames":[],"is_mutually_exclusive_with":[],"gridable":true},{"__meta":{"schema_version":3,"schema_name":"ModelParameterSchemaV3","schema_type":"Iced"},"name":"export_checkpoints_dir","label":"export_checkpoints_dir","help":"Automatically export generated models to this directory.","required":false,"type":"string","default_value":null,"actual_value":null,"input_value":null,"level":"secondary","values":[],"is_member_of_frames":[],"is_mutually_exclusive_with":[],"gridable":false},{"__meta":{"schema_version":3,"schema_name":"ModelParameterSchemaV3","schema_type":"Iced"},"name":"cluster_size_constraints","label":"cluster_size_constraints","help":"An array specifying the minimum number of points that should be in each cluster. The length of the constraints array has to be the same as the number of clusters.","required":false,"type":"int[]","default_value":null,"actual_value":null,"input_value":null,"level":"expert","values":[],"is_member_of_frames":[],"is_mutually_exclusive_with":[],"gridable":false}],"output":{"__meta":{"schema_version":3,"schema_name":"KMeansModelOutputV3","schema_type":"KMeansOutput"},"names":["dummy_Pclass_2","dummy_Pclass_3","dummy_Embarked_Missing","dummy_Embarked_Q","dummy_Embarked_S","dummy_cabine_prefix_B","dummy_cabine_prefix_C","dummy_cabine_prefix_D","dummy_cabine_prefix_E","dummy_cabine_prefix_F","dummy_cabine_prefix_G","dummy_cabine_prefix_T","dummy_cabine_prefix_missing","dummy_Ticket_str_CA","dummy_Ticket_str_FCC","dummy_Ticket_str_LINE","dummy_Ticket_str_LOW","dummy_Ticket_str_PC","dummy_Ticket_str_PPP","dummy_Ticket_str_SCAH","dummy_Ticket_str_SCAHBasle","dummy_Ticket_str_SCPARIS","dummy_Ticket_str_SCParis","dummy_Ticket_str_SOC","dummy_Ticket_str_SOTONOQ","dummy_Ticket_str_SWPP","dummy_Ticket_str_WC","dummy_Ticket_str_WEP","dummy_Ticket_str_missing","dummy_NameTitle_Countess","dummy_NameTitle_Dr","dummy_NameTitle_LOW","dummy_NameTitle_Major","dummy_NameTitle_Master","dummy_NameTitle_Miss","dummy_NameTitle_Mlle","dummy_NameTitle_Mr","dummy_NameTitle_Mrs","dummy_NameTitle_Ms","dummy_NameTitle_Sir","dummy_Sex_male","normalized_Fare","normalized_SibSp","normalized_Parch","normalized_Age_Mean","normalized_Ticket_int"],"original_names":null,"column_types":["Numeric","Numeric","Numeric","Numeric","Numeric","Numeric","Numeric","Numeric","Numeric","Numeric","Numeric","Numeric","Numeric","Numeric","Numeric","Numeric","Numeric","Numeric","Numeric","Numeric","Numeric","Numeric","Numeric","Numeric","Numeric","Numeric","Numeric","Numeric","Numeric","Numeric","Numeric","Numeric","Numeric","Numeric","Numeric","Numeric","Numeric","Numeric","Numeric","Numeric","Numeric","Numeric","Numeric","Numeric","Numeric","Numeric"],"domains":[null,null,null,null,null,null,null,null,null,null,null,null,null,null,null,null,null,null,null,null,null,null,null,null,null,null,null,null,null,null,null,null,null,null,null,null,null,null,null,null,null,null,null,null,null,null],"cross_validation_models":null,"cross_validation_predictions":null,"cross_validation_holdout_predictions_frame_id":null,"cross_validation_fold_assignment_frame_id":null,"model_category":"Clustering","model_summary":{"__meta":{"schema_version":3,"schema_name":"TwoDimTableV3","schema_type":"TwoDimTable"},"name":"Model Summary","description":"","columns":[{"__meta":{"schema_version":-1,"schema_name":"ColumnSpecsBase","schema_type":"Iced"},"name":"","type":"string","format":"%s","description":""},{"__meta":{"schema_version":-1,"schema_name":"ColumnSpecsBase","schema_type":"Iced"},"name":"number_of_rows","type":"long","format":"%d","description":"Number of Rows"},{"__meta":{"schema_version":-1,"schema_name":"ColumnSpecsBase","schema_type":"Iced"},"name":"number_of_clusters","type":"long","format":"%d","description":"Number of Clusters"},{"__meta":{"schema_version":-1,"schema_name":"ColumnSpecsBase","schema_type":"Iced"},"name":"number_of_categorical_columns","type":"long","format":"%d","description":"Number of Categorical Columns"},{"__meta":{"schema_version":-1,"schema_name":"ColumnSpecsBase","schema_type":"Iced"},"name":"number_of_iterations","type":"long","format":"%d","description":"Number of Iterations"},{"__meta":{"schema_version":-1,"schema_name":"ColumnSpecsBase","schema_type":"Iced"},"name":"within_cluster_sum_of_squares","type":"double","format":"%.5f","description":"Within Cluster Sum of Squares"},{"__meta":{"schema_version":-1,"schema_name":"ColumnSpecsBase","schema_type":"Iced"},"name":"total_sum_of_squares","type":"double","format":"%.5f","description":"Total Sum of Squares"},{"__meta":{"schema_version":-1,"schema_name":"ColumnSpecsBase","schema_type":"Iced"},"name":"between_cluster_sum_of_squares","type":"double","format":"%.5f","description":"Between Cluster Sum of Squares"}],"rowcount":1,"data":[[""],[770],[6],[0],[29],[1033.8552986543905],[1855.2288737711342],[821.3735751167437]]},"scoring_history":{"__meta":{"schema_version":3,"schema_name":"TwoDimTableV3","schema_type":"TwoDimTable"},"name":"Scoring History","description":"","columns":[{"__meta":{"schema_version":-1,"schema_name":"ColumnSpecsBase","schema_type":"Iced"},"name":"","type":"string","format":"%s","description":""},{"__meta":{"schema_version":-1,"schema_name":"ColumnSpecsBase","schema_type":"Iced"},"name":"timestamp","type":"string","format":"%s","description":"Timestamp"},{"__meta":{"schema_version":-1,"schema_name":"ColumnSpecsBase","schema_type":"Iced"},"name":"duration","type":"string","format":"%s","description":"Duration"},{"__meta":{"schema_version":-1,"schema_name":"ColumnSpecsBase","schema_type":"Iced"},"name":"iterations","type":"long","format":"%d","description":"Iterations"},{"__meta":{"schema_version":-1,"schema_name":"ColumnSpecsBase","schema_type":"Iced"},"name":"number_of_clusters","type":"long","format":"%d","description":"Number of Clusters"},{"__meta":{"schema_version":-1,"schema_name":"ColumnSpecsBase","schema_type":"Iced"},"name":"number_of_reassigned_observations","type":"long","format":"%d","description":"Number of Reassigned Observations"},{"__meta":{"schema_version":-1,"schema_name":"ColumnSpecsBase","schema_type":"Iced"},"name":"within_cluster_sum_of_squares","type":"double","format":"%.5f","description":"Within Cluster Sum Of Squares"}],"rowcount":30,"data":[["","","","","","","","","","","","","","","","","","","","","","","","","","","","","",""],["2022-11-22 16:11:05","2022-11-22 16:11:05","2022-11-22 16:11:05","2022-11-22 16:11:05","2022-11-22 16:11:05","2022-11-22 16:11:05","2022-11-22 16:11:05","2022-11-22 16:11:05","2022-11-22 16:11:05","2022-11-22 16:11:05","2022-11-22 16:11:05","2022-11-22 16:11:05","2022-11-22 16:11:05","2022-11-22 16:11:05","2022-11-22 16:11:05","2022-11-22 16:11:05","2022-11-22 16:11:05","2022-11-22 16:11:05","2022-11-22 16:11:05","2022-11-22 16:11:05","2022-11-22 16:11:05","2022-11-22 16:11:05","2022-11-22 16:11:05","2022-11-22 16:11:05","2022-11-22 16:11:05","2022-11-22 16:11:05","2022-11-22 16:11:05","2022-11-22 16:11:05","2022-11-22 16:11:05","2022-11-22 16:11:05"],[" 0.026 sec"," 0.073 sec"," 0.082 sec"," 0.093 sec"," 0.099 sec"," 0.102 sec"," 0.105 sec"," 0.108 sec"," 0.114 sec"," 0.118 sec"," 0.122 sec"," 0.126 sec"," 0.132 sec"," 0.138 sec"," 0.145 sec"," 0.151 sec"," 0.158 sec"," 0.164 sec"," 0.174 sec"," 0.181 sec"," 0.188 sec"," 0.195 sec"," 0.202 sec"," 0.209 sec"," 0.211 sec"," 0.216 sec"," 0.219 sec"," 0.223 sec"," 0.225 sec"," 0.228 sec"],[0,1,2,3,4,5,6,7,8,9,10,11,12,13,14,15,16,17,18,19,20,21,22,23,24,25,26,27,28,29],[0,1,1,2,3,3,3,3,4,4,4,4,4,4,4,4,4,4,5,5,5,5,5,5,5,6,6,6,6,6],["NaN",770.0,0.0,0.0,16.0,1.0,1.0,0.0,1.0,6.0,11.0,23.0,20.0,23.0,5.0,2.0,1.0,0.0,1.0,5.0,9.0,14.0,6.0,1.0,0.0,18.0,53.0,54.0,4.0,0.0],["NaN",3663.1017918337902,1855.2288737711342,1647.6409311277948,1373.7193793203205,1371.19938860183,1371.1669182669839,1371.1379710189335,1363.9818169517505,1360.1681580892161,1350.994426106487,1338.9317548664112,1325.6111692882355,1317.5169264540739,1309.5677479042795,1308.60328557088,1308.2473939804895,1308.1860031277452,1303.141431323211,1300.9341600976788,1285.3996182001626,1264.2697204610204,1249.5464474957237,1247.175514473855,1247.0479666798967,1240.7516168896498,1182.1152171080641,1082.1168188630645,1034.3682383596545,1033.8552986543905]]},"cv_scoring_history":null,"reproducibility_information_table":[{"__meta":{"schema_version":3,"schema_name":"TwoDimTableV3","schema_type":"TwoDimTable"},"name":"Node Information","description":"","columns":[{"__meta":{"schema_version":-1,"schema_name":"ColumnSpecsBase","schema_type":"Iced"},"name":"","type":"string","format":"%s","description":""},{"__meta":{"schema_version":-1,"schema_name":"ColumnSpecsBase","schema_type":"Iced"},"name":"node","type":"int","format":"%d","description":"node"},{"__meta":{"schema_version":-1,"schema_name":"ColumnSpecsBase","schema_type":"Iced"},"name":"h2o","type":"string","format":"%s","description":"h2o"},{"__meta":{"schema_version":-1,"schema_name":"ColumnSpecsBase","schema_type":"Iced"},"name":"healthy","type":"string","format":"%s","description":"healthy"},{"__meta":{"schema_version":-1,"schema_name":"ColumnSpecsBase","schema_type":"Iced"},"name":"last_ping","type":"string","format":"%s","description":"last_ping"},{"__meta":{"schema_version":-1,"schema_name":"ColumnSpecsBase","schema_type":"Iced"},"name":"num_cpus","type":"int","format":"%d","description":"num_cpus"},{"__meta":{"schema_version":-1,"schema_name":"ColumnSpecsBase","schema_type":"Iced"},"name":"sys_load","type":"double","format":"%.5f","description":"sys_load"},{"__meta":{"schema_version":-1,"schema_name":"ColumnSpecsBase","schema_type":"Iced"},"name":"mem_value_size","type":"long","format":"%d","description":"mem_value_size"},{"__meta":{"schema_version":-1,"schema_name":"ColumnSpecsBase","schema_type":"Iced"},"name":"free_mem","type":"long","format":"%d","description":"free_mem"},{"__meta":{"schema_version":-1,"schema_name":"ColumnSpecsBase","schema_type":"Iced"},"name":"pojo_mem","type":"long","format":"%d","description":"pojo_mem"},{"__meta":{"schema_version":-1,"schema_name":"ColumnSpecsBase","schema_type":"Iced"},"name":"swap_mem","type":"long","format":"%d","description":"swap_mem"},{"__meta":{"schema_version":-1,"schema_name":"ColumnSpecsBase","schema_type":"Iced"},"name":"free_disc","type":"long","format":"%d","description":"free_disc"},{"__meta":{"schema_version":-1,"schema_name":"ColumnSpecsBase","schema_type":"Iced"},"name":"max_disc","type":"long","format":"%d","description":"max_disc"},{"__meta":{"schema_version":-1,"schema_name":"ColumnSpecsBase","schema_type":"Iced"},"name":"pid","type":"int","format":"%d","description":"pid"},{"__meta":{"schema_version":-1,"schema_name":"ColumnSpecsBase","schema_type":"Iced"},"name":"num_keys","type":"int","format":"%d","description":"num_keys"},{"__meta":{"schema_version":-1,"schema_name":"ColumnSpecsBase","schema_type":"Iced"},"name":"tcps_active","type":"string","format":"%s","description":"tcps_active"},{"__meta":{"schema_version":-1,"schema_name":"ColumnSpecsBase","schema_type":"Iced"},"name":"open_fds","type":"int","format":"%d","description":"open_fds"},{"__meta":{"schema_version":-1,"schema_name":"ColumnSpecsBase","schema_type":"Iced"},"name":"rpcs_active","type":"string","format":"%s","description":"rpcs_active"},{"__meta":{"schema_version":-1,"schema_name":"ColumnSpecsBase","schema_type":"Iced"},"name":"nthreads","type":"int","format":"%d","description":"nthreads"},{"__meta":{"schema_version":-1,"schema_name":"ColumnSpecsBase","schema_type":"Iced"},"name":"is_leader","type":"string","format":"%s","description":"is_leader"},{"__meta":{"schema_version":-1,"schema_name":"ColumnSpecsBase","schema_type":"Iced"},"name":"total_mem","type":"long","format":"%d","description":"total_mem"},{"__meta":{"schema_version":-1,"schema_name":"ColumnSpecsBase","schema_type":"Iced"},"name":"max_mem","type":"long","format":"%d","description":"max_mem"},{"__meta":{"schema_version":-1,"schema_name":"ColumnSpecsBase","schema_type":"Iced"},"name":"java_version","type":"string","format":"%s","description":"java_version"},{"__meta":{"schema_version":-1,"schema_name":"ColumnSpecsBase","schema_type":"Iced"},"name":"jvm_launch_parameters","type":"string","format":"%s","description":"jvm_launch_parameters"},{"__meta":{"schema_version":-1,"schema_name":"ColumnSpecsBase","schema_type":"Iced"},"name":"os_version","type":"string","format":"%s","description":"os_version"},{"__meta":{"schema_version":-1,"schema_name":"ColumnSpecsBase","schema_type":"Iced"},"name":"machine_physical_mem","type":"long","format":"%d","description":"machine_physical_mem"},{"__meta":{"schema_version":-1,"schema_name":"ColumnSpecsBase","schema_type":"Iced"},"name":"machine_locale","type":"string","format":"%s","description":"machine_locale"}],"rowcount":1,"data":[[""],[0],["127.0.0.1:54321"],["true"],["1669144265141"],[12],[0.08839201],[669736],[3751431736],[19102112],[0],[282174947328],[481518682112],[12996],[691],["\u0000"],[-1],["\u0000"],[12],["true"],[236978176],[3771203584],["Java 1.8.0_261 (from Oracle Corporation)"],["[-ea]"],["Windows 10 10.0 (amd64)"],[16963268608],["pt_BR"]]},{"__meta":{"schema_version":3,"schema_name":"TwoDimTableV3","schema_type":"TwoDimTable"},"name":"Cluster Configuration","description":"","columns":[{"__meta":{"schema_version":-1,"schema_name":"ColumnSpecsBase","schema_type":"Iced"},"name":"","type":"string","format":"%s","description":""},{"__meta":{"schema_version":-1,"schema_name":"ColumnSpecsBase","schema_type":"Iced"},"name":"h2o_cluster_uptime","type":"long","format":"%d","description":"H2O cluster uptime"},{"__meta":{"schema_version":-1,"schema_name":"ColumnSpecsBase","schema_type":"Iced"},"name":"h2o_cluster_timezone","type":"string","format":"%s","description":"H2O cluster timezone"},{"__meta":{"schema_version":-1,"schema_name":"ColumnSpecsBase","schema_type":"Iced"},"name":"h2o_data_parsing_timezone","type":"string","format":"%s","description":"H2O data parsing timezone"},{"__meta":{"schema_version":-1,"schema_name":"ColumnSpecsBase","schema_type":"Iced"},"name":"h2o_cluster_version","type":"string","format":"%s","description":"H2O cluster version"},{"__meta":{"schema_version":-1,"schema_name":"ColumnSpecsBase","schema_type":"Iced"},"name":"h2o_cluster_version_age","type":"string","format":"%s","description":"H2O cluster version age"},{"__meta":{"schema_version":-1,"schema_name":"ColumnSpecsBase","schema_type":"Iced"},"name":"h2o_cluster_name","type":"string","format":"%s","description":"H2O cluster name"},{"__meta":{"schema_version":-1,"schema_name":"ColumnSpecsBase","schema_type":"Iced"},"name":"h2o_cluster_total_nodes","type":"int","format":"%d","description":"H2O cluster total nodes"},{"__meta":{"schema_version":-1,"schema_name":"ColumnSpecsBase","schema_type":"Iced"},"name":"h2o_cluster_free_memory","type":"long","format":"%d","description":"H2O cluster free memory"},{"__meta":{"schema_version":-1,"schema_name":"ColumnSpecsBase","schema_type":"Iced"},"name":"h2o_cluster_total_cores","type":"int","format":"%d","description":"H2O cluster total cores"},{"__meta":{"schema_version":-1,"schema_name":"ColumnSpecsBase","schema_type":"Iced"},"name":"h2o_cluster_allowed_cores","type":"int","format":"%d","description":"H2O cluster allowed cores"},{"__meta":{"schema_version":-1,"schema_name":"ColumnSpecsBase","schema_type":"Iced"},"name":"h2o_cluster_status","type":"string","format":"%s","description":"H2O cluster status"},{"__meta":{"schema_version":-1,"schema_name":"ColumnSpecsBase","schema_type":"Iced"},"name":"h2o_internal_security","type":"string","format":"%s","description":"H2O internal security"},{"__meta":{"schema_version":-1,"schema_name":"ColumnSpecsBase","schema_type":"Iced"},"name":"h2o_api_extensions","type":"string","format":"%s","description":"H2O API Extensions"}],"rowcount":1,"data":[[""],[125750],["America/Sao_Paulo"],["UTC"],["3.36.1.2"],["5 months and 27 days"],["H2O_from_python_maxde_5kcaqm"],[1],[3751431736],[12],[12],["locked, healthly"],["false"],["Amazon S3, Algos, Infogram, AutoML, Core V3, TargetEncoder, Core V4"]]},{"__meta":{"schema_version":3,"schema_name":"TwoDimTableV3","schema_type":"TwoDimTable"},"name":"Input Frames Information","description":"","columns":[{"__meta":{"schema_version":-1,"schema_name":"ColumnSpecsBase","schema_type":"Iced"},"name":"","type":"string","format":"%s","description":""},{"__meta":{"schema_version":-1,"schema_name":"ColumnSpecsBase","schema_type":"Iced"},"name":"input_frame","type":"string","format":"%s","description":"Input Frame"},{"__meta":{"schema_version":-1,"schema_name":"ColumnSpecsBase","schema_type":"Iced"},"name":"checksum","type":"long","format":"%d","description":"Checksum"},{"__meta":{"schema_version":-1,"schema_name":"ColumnSpecsBase","schema_type":"Iced"},"name":"espc","type":"string","format":"%d","description":"ESPC"}],"rowcount":2,"data":[["",""],["training_frame","validation_frame"],[-5109764370159120472,7506568183955352252],["[0, 770]","[0, 82]"]]}],"training_metrics":{"__meta":{"schema_version":3,"schema_name":"ModelMetricsClusteringV3","schema_type":"ModelMetricsClustering"},"model":{"__meta":{"schema_version":3,"schema_name":"ModelKeyV3","schema_type":"Key<Model>"},"name":"KMeans_model_python_1669144138890_1","type":"Key<Model>","URL":"/3/Models/KMeans_model_python_1669144138890_1"},"model_checksum":3389582931217054168,"frame":{"__meta":{"schema_version":3,"schema_name":"FrameKeyV3","schema_type":"Key<Frame>"},"name":"train_hdf","type":"Key<Frame>","URL":"/3/Frames/train_hdf"},"frame_checksum":-7791794382966869521,"description":null,"model_category":"Clustering","scoring_time":1669144265422,"predictions":null,"MSE":"NaN","RMSE":"NaN","nobs":0,"custom_metric_name":null,"custom_metric_value":0.0,"tot_withinss":1033.8552996507992,"totss":1855.2288752143256,"betweenss":821.3735755635264,"centroid_stats":{"__meta":{"schema_version":3,"schema_name":"TwoDimTableV3","schema_type":"TwoDimTable"},"name":"Centroid Statistics","description":"","columns":[{"__meta":{"schema_version":-1,"schema_name":"ColumnSpecsBase","schema_type":"Iced"},"name":"","type":"string","format":"%s","description":""},{"__meta":{"schema_version":-1,"schema_name":"ColumnSpecsBase","schema_type":"Iced"},"name":"centroid","type":"long","format":"%d","description":"Centroid"},{"__meta":{"schema_version":-1,"schema_name":"ColumnSpecsBase","schema_type":"Iced"},"name":"size","type":"double","format":"%.5f","description":"Size"},{"__meta":{"schema_version":-1,"schema_name":"ColumnSpecsBase","schema_type":"Iced"},"name":"within_cluster_sum_of_squares","type":"double","format":"%.5f","description":"Within Cluster Sum of Squares"}],"rowcount":6,"data":[["","","","","",""],[1,2,3,4,5,6],[119,139,297,51,36,128],[238.89108771505778,177.28021535312112,260.89233816708537,133.22645039403992,62.02096013300371,161.54424788849232]]}},"validation_metrics":{"__meta":{"schema_version":3,"schema_name":"ModelMetricsClusteringV3","schema_type":"ModelMetricsClustering"},"model":{"__meta":{"schema_version":3,"schema_name":"ModelKeyV3","schema_type":"Key<Model>"},"name":"KMeans_model_python_1669144138890_1","type":"Key<Model>","URL":"/3/Models/KMeans_model_python_1669144138890_1"},"model_checksum":3389582931217054168,"frame":{"__meta":{"schema_version":3,"schema_name":"FrameKeyV3","schema_type":"Key<Frame>"},"name":"valid_hdf","type":"Key<Frame>","URL":"/3/Frames/valid_hdf"},"frame_checksum":5610061873930952453,"description":null,"model_category":"Clustering","scoring_time":1669144265428,"predictions":null,"MSE":"NaN","RMSE":"NaN","nobs":0,"custom_metric_name":null,"custom_metric_value":0.0,"tot_withinss":119.72914695868104,"totss":193.54495389582982,"betweenss":73.81580693714878,"centroid_stats":{"__meta":{"schema_version":3,"schema_name":"TwoDimTableV3","schema_type":"TwoDimTable"},"name":"Centroid Statistics","description":"","columns":[{"__meta":{"schema_version":-1,"schema_name":"ColumnSpecsBase","schema_type":"Iced"},"name":"","type":"string","format":"%s","description":""},{"__meta":{"schema_version":-1,"schema_name":"ColumnSpecsBase","schema_type":"Iced"},"name":"centroid","type":"long","format":"%d","description":"Centroid"},{"__meta":{"schema_version":-1,"schema_name":"ColumnSpecsBase","schema_type":"Iced"},"name":"size","type":"double","format":"%.5f","description":"Size"},{"__meta":{"schema_version":-1,"schema_name":"ColumnSpecsBase","schema_type":"Iced"},"name":"within_cluster_sum_of_squares","type":"double","format":"%.5f","description":"Within Cluster Sum of Squares"}],"rowcount":6,"data":[["","","","","",""],[1,2,3,4,5,6],[12,20,29,5,3,13],[24.358553574160094,32.01627790147408,22.85499903643894,16.351252579739874,5.307679595065287,18.84038427180277]]}},"cross_validation_metrics":null,"cross_validation_metrics_summary":null,"status":null,"start_time":1669144265199,"end_time":1669144265430,"run_time":231,"default_threshold":0.5,"help":{"cross_validation_metrics":"Cross-validation model metrics", "cross_validation_metrics_summary":"Cross-validation model metrics summary", "start_time":"Start time in milliseconds", "run_time":"Runtime in milliseconds", "centers_std":"Cluster Centers[k][features] on Standardized Data", "status":"Job status", "domains":"Domains for categorical columns", "centers":"Cluster Centers[k][features]", "model_category":"Category of the model (e.g., Binomial)", "reproducibility_information_table":"Model reproducibility information", "default_threshold":"Default threshold used for predictions", "__meta":"Metadata on this schema instance, to make it self-describing.", "model_summary":"Model summary", "scoring_history":"Scoring history", "help":"Help information for output fields", "end_time":"End time in milliseconds", "names":"Column names", "column_types":"Column types", "original_names":"Original column names", "cross_validation_fold_assignment_frame_id":"Cross-validation fold assignment (each row is assigned to one holdout fold)", "cv_scoring_history":"Cross-Validation scoring history", "cross_validation_models":"Cross-validation models (model ids)", "training_metrics":"Training data model metrics", "cross_validation_predictions":"Cross-validation predictions, one per cv model (deprecated, use cross_validation_holdout_predictions_frame_id instead)", "cross_validation_holdout_predictions_frame_id":"Cross-validation holdout predictions (full out-of-sample predictions on training data)", "validation_metrics":"Validation data model metrics"},"centers":{"__meta":{"schema_version":3,"schema_name":"TwoDimTableV3","schema_type":"TwoDimTable"},"name":"Cluster Means","description":"","columns":[{"__meta":{"schema_version":-1,"schema_name":"ColumnSpecsBase","schema_type":"Iced"},"name":"centroid","type":"string","format":"%s","description":"Centroid"},{"__meta":{"schema_version":-1,"schema_name":"ColumnSpecsBase","schema_type":"Iced"},"name":"dummy_pclass_2","type":"double","format":"%f","description":"dummy_Pclass_2"},{"__meta":{"schema_version":-1,"schema_name":"ColumnSpecsBase","schema_type":"Iced"},"name":"dummy_pclass_3","type":"double","format":"%f","description":"dummy_Pclass_3"},{"__meta":{"schema_version":-1,"schema_name":"ColumnSpecsBase","schema_type":"Iced"},"name":"dummy_embarked_missing","type":"double","format":"%f","description":"dummy_Embarked_Missing"},{"__meta":{"schema_version":-1,"schema_name":"ColumnSpecsBase","schema_type":"Iced"},"name":"dummy_embarked_q","type":"double","format":"%f","description":"dummy_Embarked_Q"},{"__meta":{"schema_version":-1,"schema_name":"ColumnSpecsBase","schema_type":"Iced"},"name":"dummy_embarked_s","type":"double","format":"%f","description":"dummy_Embarked_S"},{"__meta":{"schema_version":-1,"schema_name":"ColumnSpecsBase","schema_type":"Iced"},"name":"dummy_cabine_prefix_b","type":"double","format":"%f","description":"dummy_cabine_prefix_B"},{"__meta":{"schema_version":-1,"schema_name":"ColumnSpecsBase","schema_type":"Iced"},"name":"dummy_cabine_prefix_c","type":"double","format":"%f","description":"dummy_cabine_prefix_C"},{"__meta":{"schema_version":-1,"schema_name":"ColumnSpecsBase","schema_type":"Iced"},"name":"dummy_cabine_prefix_d","type":"double","format":"%f","description":"dummy_cabine_prefix_D"},{"__meta":{"schema_version":-1,"schema_name":"ColumnSpecsBase","schema_type":"Iced"},"name":"dummy_cabine_prefix_e","type":"double","format":"%f","description":"dummy_cabine_prefix_E"},{"__meta":{"schema_version":-1,"schema_name":"ColumnSpecsBase","schema_type":"Iced"},"name":"dummy_cabine_prefix_f","type":"double","format":"%f","description":"dummy_cabine_prefix_F"},{"__meta":{"schema_version":-1,"schema_name":"ColumnSpecsBase","schema_type":"Iced"},"name":"dummy_cabine_prefix_g","type":"double","format":"%f","description":"dummy_cabine_prefix_G"},{"__meta":{"schema_version":-1,"schema_name":"ColumnSpecsBase","schema_type":"Iced"},"name":"dummy_cabine_prefix_t","type":"double","format":"%f","description":"dummy_cabine_prefix_T"},{"__meta":{"schema_version":-1,"schema_name":"ColumnSpecsBase","schema_type":"Iced"},"name":"dummy_cabine_prefix_missing","type":"double","format":"%f","description":"dummy_cabine_prefix_missing"},{"__meta":{"schema_version":-1,"schema_name":"ColumnSpecsBase","schema_type":"Iced"},"name":"dummy_ticket_str_ca","type":"double","format":"%f","description":"dummy_Ticket_str_CA"},{"__meta":{"schema_version":-1,"schema_name":"ColumnSpecsBase","schema_type":"Iced"},"name":"dummy_ticket_str_fcc","type":"double","format":"%f","description":"dummy_Ticket_str_FCC"},{"__meta":{"schema_version":-1,"schema_name":"ColumnSpecsBase","schema_type":"Iced"},"name":"dummy_ticket_str_line","type":"double","format":"%f","description":"dummy_Ticket_str_LINE"},{"__meta":{"schema_version":-1,"schema_name":"ColumnSpecsBase","schema_type":"Iced"},"name":"dummy_ticket_str_low","type":"double","format":"%f","description":"dummy_Ticket_str_LOW"},{"__meta":{"schema_version":-1,"schema_name":"ColumnSpecsBase","schema_type":"Iced"},"name":"dummy_ticket_str_pc","type":"double","format":"%f","description":"dummy_Ticket_str_PC"},{"__meta":{"schema_version":-1,"schema_name":"ColumnSpecsBase","schema_type":"Iced"},"name":"dummy_ticket_str_ppp","type":"double","format":"%f","description":"dummy_Ticket_str_PPP"},{"__meta":{"schema_version":-1,"schema_name":"ColumnSpecsBase","schema_type":"Iced"},"name":"dummy_ticket_str_scah","type":"double","format":"%f","description":"dummy_Ticket_str_SCAH"},{"__meta":{"schema_version":-1,"schema_name":"ColumnSpecsBase","schema_type":"Iced"},"name":"dummy_ticket_str_scahbasle","type":"double","format":"%f","description":"dummy_Ticket_str_SCAHBasle"},{"__meta":{"schema_version":-1,"schema_name":"ColumnSpecsBase","schema_type":"Iced"},"name":"dummy_ticket_str_scparis","type":"double","format":"%f","description":"dummy_Ticket_str_SCPARIS"},{"__meta":{"schema_version":-1,"schema_name":"ColumnSpecsBase","schema_type":"Iced"},"name":"dummy_ticket_str_scparis","type":"double","format":"%f","description":"dummy_Ticket_str_SCParis"},{"__meta":{"schema_version":-1,"schema_name":"ColumnSpecsBase","schema_type":"Iced"},"name":"dummy_ticket_str_soc","type":"double","format":"%f","description":"dummy_Ticket_str_SOC"},{"__meta":{"schema_version":-1,"schema_name":"ColumnSpecsBase","schema_type":"Iced"},"name":"dummy_ticket_str_sotonoq","type":"double","format":"%f","description":"dummy_Ticket_str_SOTONOQ"},{"__meta":{"schema_version":-1,"schema_name":"ColumnSpecsBase","schema_type":"Iced"},"name":"dummy_ticket_str_swpp","type":"double","format":"%f","description":"dummy_Ticket_str_SWPP"},{"__meta":{"schema_version":-1,"schema_name":"ColumnSpecsBase","schema_type":"Iced"},"name":"dummy_ticket_str_wc","type":"double","format":"%f","description":"dummy_Ticket_str_WC"},{"__meta":{"schema_version":-1,"schema_name":"ColumnSpecsBase","schema_type":"Iced"},"name":"dummy_ticket_str_wep","type":"double","format":"%f","description":"dummy_Ticket_str_WEP"},{"__meta":{"schema_version":-1,"schema_name":"ColumnSpecsBase","schema_type":"Iced"},"name":"dummy_ticket_str_missing","type":"double","format":"%f","description":"dummy_Ticket_str_missing"},{"__meta":{"schema_version":-1,"schema_name":"ColumnSpecsBase","schema_type":"Iced"},"name":"dummy_nametitle_countess","type":"double","format":"%f","description":"dummy_NameTitle_Countess"},{"__meta":{"schema_version":-1,"schema_name":"ColumnSpecsBase","schema_type":"Iced"},"name":"dummy_nametitle_dr","type":"double","format":"%f","description":"dummy_NameTitle_Dr"},{"__meta":{"schema_version":-1,"schema_name":"ColumnSpecsBase","schema_type":"Iced"},"name":"dummy_nametitle_low","type":"double","format":"%f","description":"dummy_NameTitle_LOW"},{"__meta":{"schema_version":-1,"schema_name":"ColumnSpecsBase","schema_type":"Iced"},"name":"dummy_nametitle_major","type":"double","format":"%f","description":"dummy_NameTitle_Major"},{"__meta":{"schema_version":-1,"schema_name":"ColumnSpecsBase","schema_type":"Iced"},"name":"dummy_nametitle_master","type":"double","format":"%f","description":"dummy_NameTitle_Master"},{"__meta":{"schema_version":-1,"schema_name":"ColumnSpecsBase","schema_type":"Iced"},"name":"dummy_nametitle_miss","type":"double","format":"%f","description":"dummy_NameTitle_Miss"},{"__meta":{"schema_version":-1,"schema_name":"ColumnSpecsBase","schema_type":"Iced"},"name":"dummy_nametitle_mlle","type":"double","format":"%f","description":"dummy_NameTitle_Mlle"},{"__meta":{"schema_version":-1,"schema_name":"ColumnSpecsBase","schema_type":"Iced"},"name":"dummy_nametitle_mr","type":"double","format":"%f","description":"dummy_NameTitle_Mr"},{"__meta":{"schema_version":-1,"schema_name":"ColumnSpecsBase","schema_type":"Iced"},"name":"dummy_nametitle_mrs","type":"double","format":"%f","description":"dummy_NameTitle_Mrs"},{"__meta":{"schema_version":-1,"schema_name":"ColumnSpecsBase","schema_type":"Iced"},"name":"dummy_nametitle_ms","type":"double","format":"%f","description":"dummy_NameTitle_Ms"},{"__meta":{"schema_version":-1,"schema_name":"ColumnSpecsBase","schema_type":"Iced"},"name":"dummy_nametitle_sir","type":"double","format":"%f","description":"dummy_NameTitle_Sir"},{"__meta":{"schema_version":-1,"schema_name":"ColumnSpecsBase","schema_type":"Iced"},"name":"dummy_sex_male","type":"double","format":"%f","description":"dummy_Sex_male"},{"__meta":{"schema_version":-1,"schema_name":"ColumnSpecsBase","schema_type":"Iced"},"name":"normalized_fare","type":"double","format":"%f","description":"normalized_Fare"},{"__meta":{"schema_version":-1,"schema_name":"ColumnSpecsBase","schema_type":"Iced"},"name":"normalized_sibsp","type":"double","format":"%f","description":"normalized_SibSp"},{"__meta":{"schema_version":-1,"schema_name":"ColumnSpecsBase","schema_type":"Iced"},"name":"normalized_parch","type":"double","format":"%f","description":"normalized_Parch"},{"__meta":{"schema_version":-1,"schema_name":"ColumnSpecsBase","schema_type":"Iced"},"name":"normalized_age_mean","type":"double","format":"%f","description":"normalized_Age_Mean"},{"__meta":{"schema_version":-1,"schema_name":"ColumnSpecsBase","schema_type":"Iced"},"name":"normalized_ticket_int","type":"double","format":"%f","description":"normalized_Ticket_int"}],"rowcount":6,"data":[["1","2","3","4","5","6"],[0.0,0.9064748201438849,0.0,0.49019607843137253,0.2222222222222222,0.0078125],[0.008403361344537815,0.0,1.0,0.0,0.0,0.953125],[0.01680672268907563,0.0,0.0,0.0,0.0,0.0],[0.01680672268907563,0.0,0.12121212121212122,0.0,0.0,0.25],[0.7058823529411765,0.9928057553956835,0.7508417508417509,0.47058823529411764,0.2222222222222222,0.5703125],[0.25210084033613445,0.0,0.0,0.13725490196078433,0.08333333333333333,0.0],[0.31092436974789917,0.0,0.0,0.17647058823529413,0.1388888888888889,0.0],[0.18487394957983194,0.0,0.0,0.058823529411764705,0.1111111111111111,0.0],[0.15126050420168066,0.0,0.003367003367003367,0.09803921568627451,0.1111111111111111,0.0],[0.0,0.02877697841726619,0.010101010101010102,0.0784313725490196,0.0,0.0078125],[0.0,0.0,0.0,0.0,0.0,0.015625],[0.008403361344537815,0.0,0.0,0.0,0.0,0.0],[0.008403361344537815,0.9712230215827338,0.9865319865319865,0.45098039215686275,0.5,0.9765625],[0.0,0.07194244604316546,0.050505050505050504,0.13725490196078433,0.0,0.0390625],[0.008403361344537815,0.007194244604316547,0.0,0.058823529411764705,0.0,0.0],[0.0,0.0,0.013468013468013467,0.0,0.0,0.0],[0.0,0.02158273381294964,0.013468013468013467,0.0196078431372549,0.0,0.0],[0.0,0.0,0.0,0.49019607843137253,0.75,0.0],[0.0,0.0,0.003367003367003367,0.0196078431372549,0.027777777777777776,0.0],[0.0,0.007194244604316547,0.0,0.0196078431372549,0.0,0.0],[0.0,0.0,0.0,0.0392156862745098,0.0,0.0],[0.0,0.0,0.0,0.0196078431372549,0.1388888888888889,0.0],[0.0,0.0,0.0,0.0392156862745098,0.05555555555555555,0.0],[0.0,0.02877697841726619,0.0,0.0196078431372549,0.0,0.0],[0.0,0.0,0.037037037037037035,0.0,0.0,0.0078125],[0.0,0.014388489208633094,0.0,0.0,0.0,0.0],[0.0,0.014388489208633094,0.006734006734006734,0.0196078431372549,0.0,0.0390625],[0.008403361344537815,0.0,0.0,0.0196078431372549,0.027777777777777776,0.0],[0.9831932773109243,0.8345323741007195,0.7912457912457912,0.09803921568627451,0.0,0.8984375],[0.008403361344537815,0.0,0.0,0.0,0.0,0.0],[0.03361344537815126,0.014388489208633094,0.0,0.0,0.027777777777777776,0.0],[0.008403361344537815,0.04316546762589928,0.0,0.0,0.027777777777777776,0.0],[0.01680672268907563,0.0,0.0,0.0,0.0,0.0],[0.03361344537815126,0.05755395683453238,0.08080808080808081,0.0,0.027777777777777776,0.0],[0.21008403361344538,0.09352517985611511,0.0,0.5098039215686274,0.0,0.71875],[0.0,0.0,0.0,0.0392156862745098,0.0,0.0],[0.46218487394957986,0.6187050359712231,0.9191919191919192,0.0,0.8888888888888888,0.0],[0.2184873949579832,0.15827338129496402,0.0,0.45098039215686275,0.0,0.28125],[0.0,0.007194244604316547,0.0,0.0,0.0,0.0],[0.0,0.0,0.0,0.0,0.027777777777777776,0.0],[0.5546218487394958,0.7410071942446043,1.0,0.0,1.0,0.0],[0.27341900800514013,0.08537893910068385,0.05004589105198015,0.2769645629622983,0.28207132267043583,0.07071218231962724],[0.08571428571428569,0.07338129496402877,0.08821548821548815,0.07843137254901962,0.06666666666666668,0.14531249999999993],[0.06862745098039215,0.05395683453237411,0.03647586980920314,0.06209150326797384,0.04629629629629628,0.11328125000000001],[0.4950795869248679,0.42573365639547905,0.3669021302569416,0.41035140372443374,0.4720761005317231,0.32101626580912324],[0.020883958875762054,0.04545813852446866,0.12830313119223105,0.009711885884198034,0.004470939324317456,0.10357922459510682]]},"centers_std":null},"compatible_frames":null}
