{"__meta":{"schema_version":3,"schema_name":"KMeansModelV3","schema_type":"KMeansModel"},"model_id":{"__meta":{"schema_version":3,"schema_name":"ModelKeyV3","schema_type":"Key<Model>"},"name":"KMeans_model_python_1669166229238_3","type":"Key<Model>","URL":"/3/Models/KMeans_model_python_1669166229238_3"},"algo":"kmeans","algo_full_name":"K-means","response_column_name":null,"treatment_column_name":null,"data_frame":{"__meta":{"schema_version":3,"schema_name":"FrameKeyV3","schema_type":"Key<Frame>"},"name":"train_hdf","type":"Key<Frame>","URL":"/3/Frames/train_hdf"},"timestamp":1669166536183,"have_pojo":true,"have_mojo":true,"algo":"kmeans","algo_full_name":"K-means","model_id":{"__meta":{"schema_version":3,"schema_name":"ModelKeyV3","schema_type":"Key<Model>"},"name":"KMeans_model_python_1669166229238_3","type":"Key<Model>","URL":"/3/Models/KMeans_model_python_1669166229238_3"},"parameters":[{"__meta":{"schema_version":3,"schema_name":"ModelParameterSchemaV3","schema_type":"Iced"},"name":"model_id","label":"model_id","help":"Destination id for this model; auto-generated if not specified.","required":false,"type":"Key<Model>","default_value":null,"actual_value":{"__meta":{"schema_version":3,"schema_name":"ModelKeyV3","schema_type":"Key<Model>"},"name":"KMeans_model_python_1669166229238_3","type":"Key<Model>","URL":"/3/Models/KMeans_model_python_1669166229238_3"},"input_value":null,"level":"critical","values":[],"is_member_of_frames":[],"is_mutually_exclusive_with":[],"gridable":false},{"__meta":{"schema_version":3,"schema_name":"ModelParameterSchemaV3","schema_type":"Iced"},"name":"training_frame","label":"training_frame","help":"Id of the training data frame.","required":false,"type":"Key<Frame>","default_value":null,"actual_value":{"__meta":{"schema_version":3,"schema_name":"FrameKeyV3","schema_type":"Key<Frame>"},"name":"train_hdf","type":"Key<Frame>","URL":"/3/Frames/train_hdf"},"input_value":{"__meta":{"schema_version":3,"schema_name":"FrameKeyV3","schema_type":"Key<Frame>"},"name":"train_hdf","type":"Key<Frame>","URL":"/3/Frames/train_hdf"},"level":"critical","values":[],"is_member_of_frames":[],"is_mutually_exclusive_with":[],"gridable":false},{"__meta":{"schema_version":3,"schema_name":"ModelParameterSchemaV3","schema_type":"Iced"},"name":"validation_frame","label":"validation_frame","help":"Id of the validation data frame.","required":false,"type":"Key<Frame>","default_value":null,"actual_value":{"__meta":{"schema_version":3,"schema_name":"FrameKeyV3","schema_type":"Key<Frame>"},"name":"valid_hdf","type":"Key<Frame>","URL":"/3/Frames/valid_hdf"},"input_value":{"__meta":{"schema_version":3,"schema_name":"FrameKeyV3","schema_type":"Key<Frame>"},"name":"valid_hdf","type":"Key<Frame>","URL":"/3/Frames/valid_hdf"},"level":"critical","values":[],"is_member_of_frames":[],"is_mutually_exclusive_with":[],"gridable":true},{"__meta":{"schema_version":3,"schema_name":"ModelParameterSchemaV3","schema_type":"Iced"},"name":"nfolds","label":"nfolds","help":"Number of folds for K-fold cross-validation (0 to disable or >= 2).","required":false,"type":"int","default_value":0,"actual_value":0,"input_value":0,"level":"critical","values":[],"is_member_of_frames":[],"is_mutually_exclusive_with":[],"gridable":false},{"__meta":{"schema_version":3,"schema_name":"ModelParameterSchemaV3","schema_type":"Iced"},"name":"keep_cross_validation_models","label":"keep_cross_validation_models","help":"Whether to keep the cross-validation models.","required":false,"type":"boolean","default_value":true,"actual_value":true,"input_value":true,"level":"expert","values":[],"is_member_of_frames":[],"is_mutually_exclusive_with":[],"gridable":false},{"__meta":{"schema_version":3,"schema_name":"ModelParameterSchemaV3","schema_type":"Iced"},"name":"keep_cross_validation_predictions","label":"keep_cross_validation_predictions","help":"Whether to keep the predictions of the cross-validation models.","required":false,"type":"boolean","default_value":false,"actual_value":false,"input_value":false,"level":"expert","values":[],"is_member_of_frames":[],"is_mutually_exclusive_with":[],"gridable":false},{"__meta":{"schema_version":3,"schema_name":"ModelParameterSchemaV3","schema_type":"Iced"},"name":"keep_cross_validation_fold_assignment","label":"keep_cross_validation_fold_assignment","help":"Whether to keep the cross-validation fold assignment.","required":false,"type":"boolean","default_value":false,"actual_value":false,"input_value":false,"level":"expert","values":[],"is_member_of_frames":[],"is_mutually_exclusive_with":[],"gridable":false},{"__meta":{"schema_version":3,"schema_name":"ModelParameterSchemaV3","schema_type":"Iced"},"name":"fold_assignment","label":"fold_assignment","help":"Cross-validation fold assignment scheme, if fold_column is not specified. The 'Stratified' option will stratify the folds based on the response variable, for classification problems.","required":false,"type":"enum","default_value":"AUTO","actual_value":null,"input_value":"AUTO","level":"secondary","values":["AUTO","Random","Modulo","Stratified"],"is_member_of_frames":[],"is_mutually_exclusive_with":[],"gridable":true},{"__meta":{"schema_version":3,"schema_name":"ModelParameterSchemaV3","schema_type":"Iced"},"name":"fold_column","label":"fold_column","help":"Column with cross-validation fold index assignment per observation.","required":false,"type":"VecSpecifier","default_value":null,"actual_value":null,"input_value":null,"level":"secondary","values":[],"is_member_of_frames":["training_frame"],"is_mutually_exclusive_with":["response_column","weights_column","ignored_columns","offset_column"],"gridable":true},{"__meta":{"schema_version":3,"schema_name":"ModelParameterSchemaV3","schema_type":"Iced"},"name":"ignored_columns","label":"ignored_columns","help":"Names of columns to ignore for training.","required":false,"type":"string[]","default_value":null,"actual_value":["gender","region","age","previous_year_rating","length_of_service","no_of_trainings","avg_training_score","education","department","kpis_met_80","recruitment_channel"],"input_value":["gender","region","age","previous_year_rating","length_of_service","no_of_trainings","avg_training_score","education","department","kpis_met_80","recruitment_channel"],"level":"critical","values":[],"is_member_of_frames":["training_frame","validation_frame"],"is_mutually_exclusive_with":["response_column","weights_column","offset_column","fold_column"],"gridable":false},{"__meta":{"schema_version":3,"schema_name":"ModelParameterSchemaV3","schema_type":"Iced"},"name":"ignore_const_cols","label":"ignore_const_cols","help":"Ignore constant columns.","required":false,"type":"boolean","default_value":true,"actual_value":true,"input_value":true,"level":"critical","values":[],"is_member_of_frames":[],"is_mutually_exclusive_with":[],"gridable":false},{"__meta":{"schema_version":3,"schema_name":"ModelParameterSchemaV3","schema_type":"Iced"},"name":"score_each_iteration","label":"score_each_iteration","help":"Whether to score during each iteration of model training.","required":false,"type":"boolean","default_value":false,"actual_value":false,"input_value":false,"level":"secondary","values":[],"is_member_of_frames":[],"is_mutually_exclusive_with":[],"gridable":false},{"__meta":{"schema_version":3,"schema_name":"ModelParameterSchemaV3","schema_type":"Iced"},"name":"k","label":"k","help":"The max. number of clusters. If estimate_k is disabled, the model will find k centroids, otherwise it will find up to k centroids.","required":false,"type":"int","default_value":1,"actual_value":6,"input_value":6,"level":"critical","values":[],"is_member_of_frames":[],"is_mutually_exclusive_with":[],"gridable":true},{"__meta":{"schema_version":3,"schema_name":"ModelParameterSchemaV3","schema_type":"Iced"},"name":"estimate_k","label":"estimate_k","help":"Whether to estimate the number of clusters (<=k) iteratively and deterministically.","required":false,"type":"boolean","default_value":false,"actual_value":false,"input_value":false,"level":"critical","values":[],"is_member_of_frames":[],"is_mutually_exclusive_with":[],"gridable":true},{"__meta":{"schema_version":3,"schema_name":"ModelParameterSchemaV3","schema_type":"Iced"},"name":"user_points","label":"user_points","help":"This option allows you to specify a dataframe, where each row represents an initial cluster center. The user-specified points must have the same number of columns as the training observations. The number of rows must equal the number of clusters","required":false,"type":"Key<Frame>","default_value":null,"actual_value":null,"input_value":null,"level":"expert","values":[],"is_member_of_frames":[],"is_mutually_exclusive_with":[],"gridable":false},{"__meta":{"schema_version":3,"schema_name":"ModelParameterSchemaV3","schema_type":"Iced"},"name":"max_iterations","label":"max_iterations","help":"Maximum training iterations (if estimate_k is enabled, then this is for each inner Lloyds iteration)","required":false,"type":"int","default_value":10,"actual_value":10,"input_value":10,"level":"critical","values":[],"is_member_of_frames":[],"is_mutually_exclusive_with":[],"gridable":true},{"__meta":{"schema_version":3,"schema_name":"ModelParameterSchemaV3","schema_type":"Iced"},"name":"standardize","label":"standardize","help":"Standardize columns before computing distances","required":false,"type":"boolean","default_value":true,"actual_value":false,"input_value":false,"level":"critical","values":[],"is_member_of_frames":[],"is_mutually_exclusive_with":[],"gridable":true},{"__meta":{"schema_version":3,"schema_name":"ModelParameterSchemaV3","schema_type":"Iced"},"name":"seed","label":"seed","help":"RNG Seed","required":false,"type":"long","default_value":-1,"actual_value":1,"input_value":1,"level":"secondary","values":[],"is_member_of_frames":[],"is_mutually_exclusive_with":[],"gridable":true},{"__meta":{"schema_version":3,"schema_name":"ModelParameterSchemaV3","schema_type":"Iced"},"name":"init","label":"init","help":"Initialization mode","required":false,"type":"enum","default_value":"Furthest","actual_value":"PlusPlus","input_value":"PlusPlus","level":"critical","values":["Random","PlusPlus","Furthest","User"],"is_member_of_frames":[],"is_mutually_exclusive_with":[],"gridable":true},{"__meta":{"schema_version":3,"schema_name":"ModelParameterSchemaV3","schema_type":"Iced"},"name":"max_runtime_secs","label":"max_runtime_secs","help":"Maximum allowed runtime in seconds for model training. Use 0 to disable.","required":false,"type":"double","default_value":0.0,"actual_value":0.0,"input_value":0.0,"level":"secondary","values":[],"is_member_of_frames":[],"is_mutually_exclusive_with":[],"gridable":true},{"__meta":{"schema_version":3,"schema_name":"ModelParameterSchemaV3","schema_type":"Iced"},"name":"categorical_encoding","label":"categorical_encoding","help":"Encoding scheme for categorical features","required":false,"type":"enum","default_value":"AUTO","actual_value":"Enum","input_value":"AUTO","level":"secondary","values":["AUTO","Enum","OneHotInternal","OneHotExplicit","Binary","Eigen","LabelEncoder","SortByResponse","EnumLimited"],"is_member_of_frames":[],"is_mutually_exclusive_with":[],"gridable":true},{"__meta":{"schema_version":3,"schema_name":"ModelParameterSchemaV3","schema_type":"Iced"},"name":"export_checkpoints_dir","label":"export_checkpoints_dir","help":"Automatically export generated models to this directory.","required":false,"type":"string","default_value":null,"actual_value":null,"input_value":null,"level":"secondary","values":[],"is_member_of_frames":[],"is_mutually_exclusive_with":[],"gridable":false},{"__meta":{"schema_version":3,"schema_name":"ModelParameterSchemaV3","schema_type":"Iced"},"name":"cluster_size_constraints","label":"cluster_size_constraints","help":"An array specifying the minimum number of points that should be in each cluster. The length of the constraints array has to be the same as the number of clusters.","required":false,"type":"int[]","default_value":null,"actual_value":null,"input_value":null,"level":"expert","values":[],"is_member_of_frames":[],"is_mutually_exclusive_with":[],"gridable":false}],"output":{"__meta":{"schema_version":3,"schema_name":"KMeansModelOutputV3","schema_type":"KMeansOutput"},"names":["dummy_department_Finance","dummy_department_HR","dummy_department_Legal","dummy_department_Operations","dummy_department_Procurement","dummy_department_R&D","dummy_department_Sales & Marketing","dummy_department_Technology","dummy_region_region_10","dummy_region_region_11","dummy_region_region_12","dummy_region_region_13","dummy_region_region_14","dummy_region_region_15","dummy_region_region_16","dummy_region_region_17","dummy_region_region_18","dummy_region_region_19","dummy_region_region_2","dummy_region_region_20","dummy_region_region_21","dummy_region_region_22","dummy_region_region_23","dummy_region_region_24","dummy_region_region_25","dummy_region_region_26","dummy_region_region_27","dummy_region_region_28","dummy_region_region_29","dummy_region_region_3","dummy_region_region_30","dummy_region_region_31","dummy_region_region_32","dummy_region_region_33","dummy_region_region_34","dummy_region_region_4","dummy_region_region_5","dummy_region_region_6","dummy_region_region_7","dummy_region_region_8","dummy_region_region_9","dummy_education_Below Secondary","dummy_education_Master's & above","dummy_education_Missing","dummy_gender_m","dummy_recruitment_channel_referred","dummy_recruitment_channel_sourcing","dummy_kpis_met_80_1","normalized_no_of_trainings","normalized_previous_year_rating","normalized_age","normalized_length_of_service","normalized_avg_training_score"],"original_names":null,"column_types":["Numeric","Numeric","Numeric","Numeric","Numeric","Numeric","Numeric","Numeric","Numeric","Numeric","Numeric","Numeric","Numeric","Numeric","Numeric","Numeric","Numeric","Numeric","Numeric","Numeric","Numeric","Numeric","Numeric","Numeric","Numeric","Numeric","Numeric","Numeric","Numeric","Numeric","Numeric","Numeric","Numeric","Numeric","Numeric","Numeric","Numeric","Numeric","Numeric","Numeric","Numeric","Numeric","Numeric","Numeric","Numeric","Numeric","Numeric","Numeric","Numeric","Numeric","Numeric","Numeric","Numeric"],"domains":[null,null,null,null,null,null,null,null,null,null,null,null,null,null,null,null,null,null,null,null,null,null,null,null,null,null,null,null,null,null,null,null,null,null,null,null,null,null,null,null,null,null,null,null,null,null,null,null,null,null,null,null,null],"cross_validation_models":null,"cross_validation_predictions":null,"cross_validation_holdout_predictions_frame_id":null,"cross_validation_fold_assignment_frame_id":null,"model_category":"Clustering","model_summary":{"__meta":{"schema_version":3,"schema_name":"TwoDimTableV3","schema_type":"TwoDimTable"},"name":"Model Summary","description":"","columns":[{"__meta":{"schema_version":-1,"schema_name":"ColumnSpecsBase","schema_type":"Iced"},"name":"","type":"string","format":"%s","description":""},{"__meta":{"schema_version":-1,"schema_name":"ColumnSpecsBase","schema_type":"Iced"},"name":"number_of_rows","type":"long","format":"%d","description":"Number of Rows"},{"__meta":{"schema_version":-1,"schema_name":"ColumnSpecsBase","schema_type":"Iced"},"name":"number_of_clusters","type":"long","format":"%d","description":"Number of Clusters"},{"__meta":{"schema_version":-1,"schema_name":"ColumnSpecsBase","schema_type":"Iced"},"name":"number_of_categorical_columns","type":"long","format":"%d","description":"Number of Categorical Columns"},{"__meta":{"schema_version":-1,"schema_name":"ColumnSpecsBase","schema_type":"Iced"},"name":"number_of_iterations","type":"long","format":"%d","description":"Number of Iterations"},{"__meta":{"schema_version":-1,"schema_name":"ColumnSpecsBase","schema_type":"Iced"},"name":"within_cluster_sum_of_squares","type":"double","format":"%.5f","description":"Within Cluster Sum of Squares"},{"__meta":{"schema_version":-1,"schema_name":"ColumnSpecsBase","schema_type":"Iced"},"name":"total_sum_of_squares","type":"double","format":"%.5f","description":"Total Sum of Squares"},{"__meta":{"schema_version":-1,"schema_name":"ColumnSpecsBase","schema_type":"Iced"},"name":"between_cluster_sum_of_squares","type":"double","format":"%.5f","description":"Between Cluster Sum of Squares"}],"rowcount":1,"data":[[""],[49056],[6],[0],[10],[105068.35476274732],[137789.200928657],[32720.84616590968]]},"scoring_history":{"__meta":{"schema_version":3,"schema_name":"TwoDimTableV3","schema_type":"TwoDimTable"},"name":"Scoring History","description":"","columns":[{"__meta":{"schema_version":-1,"schema_name":"ColumnSpecsBase","schema_type":"Iced"},"name":"","type":"string","format":"%s","description":""},{"__meta":{"schema_version":-1,"schema_name":"ColumnSpecsBase","schema_type":"Iced"},"name":"timestamp","type":"string","format":"%s","description":"Timestamp"},{"__meta":{"schema_version":-1,"schema_name":"ColumnSpecsBase","schema_type":"Iced"},"name":"duration","type":"string","format":"%s","description":"Duration"},{"__meta":{"schema_version":-1,"schema_name":"ColumnSpecsBase","schema_type":"Iced"},"name":"iterations","type":"long","format":"%d","description":"Iterations"},{"__meta":{"schema_version":-1,"schema_name":"ColumnSpecsBase","schema_type":"Iced"},"name":"number_of_reassigned_observations","type":"long","format":"%d","description":"Number of Reassigned Observations"},{"__meta":{"schema_version":-1,"schema_name":"ColumnSpecsBase","schema_type":"Iced"},"name":"within_cluster_sum_of_squares","type":"double","format":"%.5f","description":"Within Cluster Sum Of Squares"}],"rowcount":11,"data":[["","","","","","","","","","",""],["2022-11-22 22:22:15","2022-11-22 22:22:15","2022-11-22 22:22:15","2022-11-22 22:22:15","2022-11-22 22:22:15","2022-11-22 22:22:15","2022-11-22 22:22:15","2022-11-22 22:22:16","2022-11-22 22:22:16","2022-11-22 22:22:16","2022-11-22 22:22:16"],[" 0.031 sec"," 0.339 sec"," 0.386 sec"," 0.511 sec"," 0.542 sec"," 0.573 sec"," 0.589 sec"," 0.620 sec"," 0.651 sec"," 0.682 sec"," 0.714 sec"],[0,1,2,3,4,5,6,7,8,9,10],["NaN",49056.0,10021.0,4664.0,2738.0,1697.0,1381.0,2305.0,2135.0,1214.0,865.0],["NaN",180300.75246141973,112688.6848217822,109645.3234158127,108520.54961278422,107951.86940688327,107676.3035781094,107254.17723362074,106142.95793304045,105347.35738334607,105068.35476274732]]},"cv_scoring_history":null,"reproducibility_information_table":[{"__meta":{"schema_version":3,"schema_name":"TwoDimTableV3","schema_type":"TwoDimTable"},"name":"Node Information","description":"","columns":[{"__meta":{"schema_version":-1,"schema_name":"ColumnSpecsBase","schema_type":"Iced"},"name":"","type":"string","format":"%s","description":""},{"__meta":{"schema_version":-1,"schema_name":"ColumnSpecsBase","schema_type":"Iced"},"name":"node","type":"int","format":"%d","description":"node"},{"__meta":{"schema_version":-1,"schema_name":"ColumnSpecsBase","schema_type":"Iced"},"name":"h2o","type":"string","format":"%s","description":"h2o"},{"__meta":{"schema_version":-1,"schema_name":"ColumnSpecsBase","schema_type":"Iced"},"name":"healthy","type":"string","format":"%s","description":"healthy"},{"__meta":{"schema_version":-1,"schema_name":"ColumnSpecsBase","schema_type":"Iced"},"name":"last_ping","type":"string","format":"%s","description":"last_ping"},{"__meta":{"schema_version":-1,"schema_name":"ColumnSpecsBase","schema_type":"Iced"},"name":"num_cpus","type":"int","format":"%d","description":"num_cpus"},{"__meta":{"schema_version":-1,"schema_name":"ColumnSpecsBase","schema_type":"Iced"},"name":"sys_load","type":"double","format":"%.5f","description":"sys_load"},{"__meta":{"schema_version":-1,"schema_name":"ColumnSpecsBase","schema_type":"Iced"},"name":"mem_value_size","type":"long","format":"%d","description":"mem_value_size"},{"__meta":{"schema_version":-1,"schema_name":"ColumnSpecsBase","schema_type":"Iced"},"name":"free_mem","type":"long","format":"%d","description":"free_mem"},{"__meta":{"schema_version":-1,"schema_name":"ColumnSpecsBase","schema_type":"Iced"},"name":"pojo_mem","type":"long","format":"%d","description":"pojo_mem"},{"__meta":{"schema_version":-1,"schema_name":"ColumnSpecsBase","schema_type":"Iced"},"name":"swap_mem","type":"long","format":"%d","description":"swap_mem"},{"__meta":{"schema_version":-1,"schema_name":"ColumnSpecsBase","schema_type":"Iced"},"name":"free_disc","type":"long","format":"%d","description":"free_disc"},{"__meta":{"schema_version":-1,"schema_name":"ColumnSpecsBase","schema_type":"Iced"},"name":"max_disc","type":"long","format":"%d","description":"max_disc"},{"__meta":{"schema_version":-1,"schema_name":"ColumnSpecsBase","schema_type":"Iced"},"name":"pid","type":"int","format":"%d","description":"pid"},{"__meta":{"schema_version":-1,"schema_name":"ColumnSpecsBase","schema_type":"Iced"},"name":"num_keys","type":"int","format":"%d","description":"num_keys"},{"__meta":{"schema_version":-1,"schema_name":"ColumnSpecsBase","schema_type":"Iced"},"name":"tcps_active","type":"string","format":"%s","description":"tcps_active"},{"__meta":{"schema_version":-1,"schema_name":"ColumnSpecsBase","schema_type":"Iced"},"name":"open_fds","type":"int","format":"%d","description":"open_fds"},{"__meta":{"schema_version":-1,"schema_name":"ColumnSpecsBase","schema_type":"Iced"},"name":"rpcs_active","type":"string","format":"%s","description":"rpcs_active"},{"__meta":{"schema_version":-1,"schema_name":"ColumnSpecsBase","schema_type":"Iced"},"name":"nthreads","type":"int","format":"%d","description":"nthreads"},{"__meta":{"schema_version":-1,"schema_name":"ColumnSpecsBase","schema_type":"Iced"},"name":"is_leader","type":"string","format":"%s","description":"is_leader"},{"__meta":{"schema_version":-1,"schema_name":"ColumnSpecsBase","schema_type":"Iced"},"name":"total_mem","type":"long","format":"%d","description":"total_mem"},{"__meta":{"schema_version":-1,"schema_name":"ColumnSpecsBase","schema_type":"Iced"},"name":"max_mem","type":"long","format":"%d","description":"max_mem"},{"__meta":{"schema_version":-1,"schema_name":"ColumnSpecsBase","schema_type":"Iced"},"name":"java_version","type":"string","format":"%s","description":"java_version"},{"__meta":{"schema_version":-1,"schema_name":"ColumnSpecsBase","schema_type":"Iced"},"name":"jvm_launch_parameters","type":"string","format":"%s","description":"jvm_launch_parameters"},{"__meta":{"schema_version":-1,"schema_name":"ColumnSpecsBase","schema_type":"Iced"},"name":"os_version","type":"string","format":"%s","description":"os_version"},{"__meta":{"schema_version":-1,"schema_name":"ColumnSpecsBase","schema_type":"Iced"},"name":"machine_physical_mem","type":"long","format":"%d","description":"machine_physical_mem"},{"__meta":{"schema_version":-1,"schema_name":"ColumnSpecsBase","schema_type":"Iced"},"name":"machine_locale","type":"string","format":"%s","description":"machine_locale"}],"rowcount":1,"data":[[""],[0],["127.0.0.1:54321"],["true"],["1669166535126"],[12],[0.0078108613],[8530692],[3337790049],[424882843],[0],[278977839104],[481518682112],[10896],[3614],["\u0000"],[-1],["\u0000"],[12],["true"],[1250951168],[3771203584],["Java 1.8.0_261 (from Oracle Corporation)"],["[-ea]"],["Windows 10 10.0 (amd64)"],[16963268608],["pt_BR"]]},{"__meta":{"schema_version":3,"schema_name":"TwoDimTableV3","schema_type":"TwoDimTable"},"name":"Cluster Configuration","description":"","columns":[{"__meta":{"schema_version":-1,"schema_name":"ColumnSpecsBase","schema_type":"Iced"},"name":"","type":"string","format":"%s","description":""},{"__meta":{"schema_version":-1,"schema_name":"ColumnSpecsBase","schema_type":"Iced"},"name":"h2o_cluster_uptime","type":"long","format":"%d","description":"H2O cluster uptime"},{"__meta":{"schema_version":-1,"schema_name":"ColumnSpecsBase","schema_type":"Iced"},"name":"h2o_cluster_timezone","type":"string","format":"%s","description":"H2O cluster timezone"},{"__meta":{"schema_version":-1,"schema_name":"ColumnSpecsBase","schema_type":"Iced"},"name":"h2o_data_parsing_timezone","type":"string","format":"%s","description":"H2O data parsing timezone"},{"__meta":{"schema_version":-1,"schema_name":"ColumnSpecsBase","schema_type":"Iced"},"name":"h2o_cluster_version","type":"string","format":"%s","description":"H2O cluster version"},{"__meta":{"schema_version":-1,"schema_name":"ColumnSpecsBase","schema_type":"Iced"},"name":"h2o_cluster_version_age","type":"string","format":"%s","description":"H2O cluster version age"},{"__meta":{"schema_version":-1,"schema_name":"ColumnSpecsBase","schema_type":"Iced"},"name":"h2o_cluster_name","type":"string","format":"%s","description":"H2O cluster name"},{"__meta":{"schema_version":-1,"schema_name":"ColumnSpecsBase","schema_type":"Iced"},"name":"h2o_cluster_total_nodes","type":"int","format":"%d","description":"H2O cluster total nodes"},{"__meta":{"schema_version":-1,"schema_name":"ColumnSpecsBase","schema_type":"Iced"},"name":"h2o_cluster_free_memory","type":"long","format":"%d","description":"H2O cluster free memory"},{"__meta":{"schema_version":-1,"schema_name":"ColumnSpecsBase","schema_type":"Iced"},"name":"h2o_cluster_total_cores","type":"int","format":"%d","description":"H2O cluster total cores"},{"__meta":{"schema_version":-1,"schema_name":"ColumnSpecsBase","schema_type":"Iced"},"name":"h2o_cluster_allowed_cores","type":"int","format":"%d","description":"H2O cluster allowed cores"},{"__meta":{"schema_version":-1,"schema_name":"ColumnSpecsBase","schema_type":"Iced"},"name":"h2o_cluster_status","type":"string","format":"%s","description":"H2O cluster status"},{"__meta":{"schema_version":-1,"schema_name":"ColumnSpecsBase","schema_type":"Iced"},"name":"h2o_internal_security","type":"string","format":"%s","description":"H2O internal security"},{"__meta":{"schema_version":-1,"schema_name":"ColumnSpecsBase","schema_type":"Iced"},"name":"h2o_api_extensions","type":"string","format":"%s","description":"H2O API Extensions"}],"rowcount":1,"data":[[""],[305783],["America/Sao_Paulo"],["UTC"],["3.36.1.2"],["5 months and 27 days"],["H2O_from_python_maxde_8z3o7y"],[1],[3337790049],[12],[12],["locked, healthly"],["false"],["Amazon S3, Algos, Infogram, AutoML, Core V3, TargetEncoder, Core V4"]]},{"__meta":{"schema_version":3,"schema_name":"TwoDimTableV3","schema_type":"TwoDimTable"},"name":"Input Frames Information","description":"","columns":[{"__meta":{"schema_version":-1,"schema_name":"ColumnSpecsBase","schema_type":"Iced"},"name":"","type":"string","format":"%s","description":""},{"__meta":{"schema_version":-1,"schema_name":"ColumnSpecsBase","schema_type":"Iced"},"name":"input_frame","type":"string","format":"%s","description":"Input Frame"},{"__meta":{"schema_version":-1,"schema_name":"ColumnSpecsBase","schema_type":"Iced"},"name":"checksum","type":"long","format":"%d","description":"Checksum"},{"__meta":{"schema_version":-1,"schema_name":"ColumnSpecsBase","schema_type":"Iced"},"name":"espc","type":"string","format":"%d","description":"ESPC"}],"rowcount":2,"data":[["",""],["training_frame","validation_frame"],[5600413083626376236,-5469599326481989356],["[0, 4088, 8176, 12264, 16352, 20440, 24528, 28616, 32704, 36792, 40880, 44968, 49056]","[0, 1295, 2621, 3978, 5295, 5553]"]]}],"training_metrics":{"__meta":{"schema_version":3,"schema_name":"ModelMetricsClusteringV3","schema_type":"ModelMetricsClustering"},"model":{"__meta":{"schema_version":3,"schema_name":"ModelKeyV3","schema_type":"Key<Model>"},"name":"KMeans_model_python_1669166229238_3","type":"Key<Model>","URL":"/3/Models/KMeans_model_python_1669166229238_3"},"model_checksum":-1930808094607545540,"frame":{"__meta":{"schema_version":3,"schema_name":"FrameKeyV3","schema_type":"Key<Frame>"},"name":"train_hdf","type":"Key<Frame>","URL":"/3/Frames/train_hdf"},"frame_checksum":-2958179199698789653,"description":null,"model_category":"Clustering","scoring_time":1669166536183,"predictions":null,"MSE":"NaN","RMSE":"NaN","nobs":0,"custom_metric_name":null,"custom_metric_value":0.0,"tot_withinss":104859.13769169236,"totss":137789.2009344253,"betweenss":32930.063242732926,"centroid_stats":{"__meta":{"schema_version":3,"schema_name":"TwoDimTableV3","schema_type":"TwoDimTable"},"name":"Centroid Statistics","description":"","columns":[{"__meta":{"schema_version":-1,"schema_name":"ColumnSpecsBase","schema_type":"Iced"},"name":"","type":"string","format":"%s","description":""},{"__meta":{"schema_version":-1,"schema_name":"ColumnSpecsBase","schema_type":"Iced"},"name":"centroid","type":"long","format":"%d","description":"Centroid"},{"__meta":{"schema_version":-1,"schema_name":"ColumnSpecsBase","schema_type":"Iced"},"name":"size","type":"double","format":"%.5f","description":"Size"},{"__meta":{"schema_version":-1,"schema_name":"ColumnSpecsBase","schema_type":"Iced"},"name":"within_cluster_sum_of_squares","type":"double","format":"%.5f","description":"Within Cluster Sum of Squares"}],"rowcount":6,"data":[["","","","","",""],[1,2,3,4,5,6],[6944,6415,7130,11965,8576,8026],[12853.599830066665,13291.257538458221,16529.407455174874,27839.50107262329,20073.729402271332,14271.642393097825]]}},"validation_metrics":{"__meta":{"schema_version":3,"schema_name":"ModelMetricsClusteringV3","schema_type":"ModelMetricsClustering"},"model":{"__meta":{"schema_version":3,"schema_name":"ModelKeyV3","schema_type":"Key<Model>"},"name":"KMeans_model_python_1669166229238_3","type":"Key<Model>","URL":"/3/Models/KMeans_model_python_1669166229238_3"},"model_checksum":-1930808094607545540,"frame":{"__meta":{"schema_version":3,"schema_name":"FrameKeyV3","schema_type":"Key<Frame>"},"name":"valid_hdf","type":"Key<Frame>","URL":"/3/Frames/valid_hdf"},"frame_checksum":7445490366078340231,"description":null,"model_category":"Clustering","scoring_time":1669166536183,"predictions":null,"MSE":"NaN","RMSE":"NaN","nobs":0,"custom_metric_name":null,"custom_metric_value":0.0,"tot_withinss":11846.56885092444,"totss":15560.515357859831,"betweenss":3713.946506935392,"centroid_stats":{"__meta":{"schema_version":3,"schema_name":"TwoDimTableV3","schema_type":"TwoDimTable"},"name":"Centroid Statistics","description":"","columns":[{"__meta":{"schema_version":-1,"schema_name":"ColumnSpecsBase","schema_type":"Iced"},"name":"","type":"string","format":"%s","description":""},{"__meta":{"schema_version":-1,"schema_name":"ColumnSpecsBase","schema_type":"Iced"},"name":"centroid","type":"long","format":"%d","description":"Centroid"},{"__meta":{"schema_version":-1,"schema_name":"ColumnSpecsBase","schema_type":"Iced"},"name":"size","type":"double","format":"%.5f","description":"Size"},{"__meta":{"schema_version":-1,"schema_name":"ColumnSpecsBase","schema_type":"Iced"},"name":"within_cluster_sum_of_squares","type":"double","format":"%.5f","description":"Within Cluster Sum of Squares"}],"rowcount":6,"data":[["","","","","",""],[1,2,3,4,5,6],[888,706,787,1372,924,876],[1642.691063283241,1457.3796684421945,1808.9878391505772,3180.835710713457,2177.37368376643,1579.3008855685298]]}},"cross_validation_metrics":null,"cross_validation_metrics_summary":null,"status":null,"start_time":1669166535438,"end_time":1669166536183,"run_time":745,"default_threshold":0.5,"help":{"cross_validation_metrics":"Cross-validation model metrics", "cross_validation_metrics_summary":"Cross-validation model metrics summary", "start_time":"Start time in milliseconds", "run_time":"Runtime in milliseconds", "centers_std":"Cluster Centers[k][features] on Standardized Data", "status":"Job status", "domains":"Domains for categorical columns", "centers":"Cluster Centers[k][features]", "model_category":"Category of the model (e.g., Binomial)", "reproducibility_information_table":"Model reproducibility information", "default_threshold":"Default threshold used for predictions", "__meta":"Metadata on this schema instance, to make it self-describing.", "model_summary":"Model summary", "scoring_history":"Scoring history", "help":"Help information for output fields", "end_time":"End time in milliseconds", "names":"Column names", "column_types":"Column types", "original_names":"Original column names", "cross_validation_fold_assignment_frame_id":"Cross-validation fold assignment (each row is assigned to one holdout fold)", "cv_scoring_history":"Cross-Validation scoring history", "cross_validation_models":"Cross-validation models (model ids)", "training_metrics":"Training data model metrics", "cross_validation_predictions":"Cross-validation predictions, one per cv model (deprecated, use cross_validation_holdout_predictions_frame_id instead)", "cross_validation_holdout_predictions_frame_id":"Cross-validation holdout predictions (full out-of-sample predictions on training data)", "validation_metrics":"Validation data model metrics"},"centers":{"__meta":{"schema_version":3,"schema_name":"TwoDimTableV3","schema_type":"TwoDimTable"},"name":"Cluster Means","description":"","columns":[{"__meta":{"schema_version":-1,"schema_name":"ColumnSpecsBase","schema_type":"Iced"},"name":"centroid","type":"string","format":"%s","description":"Centroid"},{"__meta":{"schema_version":-1,"schema_name":"ColumnSpecsBase","schema_type":"Iced"},"name":"dummy_department_finance","type":"double","format":"%f","description":"dummy_department_Finance"},{"__meta":{"schema_version":-1,"schema_name":"ColumnSpecsBase","schema_type":"Iced"},"name":"dummy_department_hr","type":"double","format":"%f","description":"dummy_department_HR"},{"__meta":{"schema_version":-1,"schema_name":"ColumnSpecsBase","schema_type":"Iced"},"name":"dummy_department_legal","type":"double","format":"%f","description":"dummy_department_Legal"},{"__meta":{"schema_version":-1,"schema_name":"ColumnSpecsBase","schema_type":"Iced"},"name":"dummy_department_operations","type":"double","format":"%f","description":"dummy_department_Operations"},{"__meta":{"schema_version":-1,"schema_name":"ColumnSpecsBase","schema_type":"Iced"},"name":"dummy_department_procurement","type":"double","format":"%f","description":"dummy_department_Procurement"},{"__meta":{"schema_version":-1,"schema_name":"ColumnSpecsBase","schema_type":"Iced"},"name":"dummy_department_rd","type":"double","format":"%f","description":"dummy_department_R&D"},{"__meta":{"schema_version":-1,"schema_name":"ColumnSpecsBase","schema_type":"Iced"},"name":"dummy_department_sales__marketing","type":"double","format":"%f","description":"dummy_department_Sales & Marketing"},{"__meta":{"schema_version":-1,"schema_name":"ColumnSpecsBase","schema_type":"Iced"},"name":"dummy_department_technology","type":"double","format":"%f","description":"dummy_department_Technology"},{"__meta":{"schema_version":-1,"schema_name":"ColumnSpecsBase","schema_type":"Iced"},"name":"dummy_region_region_10","type":"double","format":"%f","description":"dummy_region_region_10"},{"__meta":{"schema_version":-1,"schema_name":"ColumnSpecsBase","schema_type":"Iced"},"name":"dummy_region_region_11","type":"double","format":"%f","description":"dummy_region_region_11"},{"__meta":{"schema_version":-1,"schema_name":"ColumnSpecsBase","schema_type":"Iced"},"name":"dummy_region_region_12","type":"double","format":"%f","description":"dummy_region_region_12"},{"__meta":{"schema_version":-1,"schema_name":"ColumnSpecsBase","schema_type":"Iced"},"name":"dummy_region_region_13","type":"double","format":"%f","description":"dummy_region_region_13"},{"__meta":{"schema_version":-1,"schema_name":"ColumnSpecsBase","schema_type":"Iced"},"name":"dummy_region_region_14","type":"double","format":"%f","description":"dummy_region_region_14"},{"__meta":{"schema_version":-1,"schema_name":"ColumnSpecsBase","schema_type":"Iced"},"name":"dummy_region_region_15","type":"double","format":"%f","description":"dummy_region_region_15"},{"__meta":{"schema_version":-1,"schema_name":"ColumnSpecsBase","schema_type":"Iced"},"name":"dummy_region_region_16","type":"double","format":"%f","description":"dummy_region_region_16"},{"__meta":{"schema_version":-1,"schema_name":"ColumnSpecsBase","schema_type":"Iced"},"name":"dummy_region_region_17","type":"double","format":"%f","description":"dummy_region_region_17"},{"__meta":{"schema_version":-1,"schema_name":"ColumnSpecsBase","schema_type":"Iced"},"name":"dummy_region_region_18","type":"double","format":"%f","description":"dummy_region_region_18"},{"__meta":{"schema_version":-1,"schema_name":"ColumnSpecsBase","schema_type":"Iced"},"name":"dummy_region_region_19","type":"double","format":"%f","description":"dummy_region_region_19"},{"__meta":{"schema_version":-1,"schema_name":"ColumnSpecsBase","schema_type":"Iced"},"name":"dummy_region_region_2","type":"double","format":"%f","description":"dummy_region_region_2"},{"__meta":{"schema_version":-1,"schema_name":"ColumnSpecsBase","schema_type":"Iced"},"name":"dummy_region_region_20","type":"double","format":"%f","description":"dummy_region_region_20"},{"__meta":{"schema_version":-1,"schema_name":"ColumnSpecsBase","schema_type":"Iced"},"name":"dummy_region_region_21","type":"double","format":"%f","description":"dummy_region_region_21"},{"__meta":{"schema_version":-1,"schema_name":"ColumnSpecsBase","schema_type":"Iced"},"name":"dummy_region_region_22","type":"double","format":"%f","description":"dummy_region_region_22"},{"__meta":{"schema_version":-1,"schema_name":"ColumnSpecsBase","schema_type":"Iced"},"name":"dummy_region_region_23","type":"double","format":"%f","description":"dummy_region_region_23"},{"__meta":{"schema_version":-1,"schema_name":"ColumnSpecsBase","schema_type":"Iced"},"name":"dummy_region_region_24","type":"double","format":"%f","description":"dummy_region_region_24"},{"__meta":{"schema_version":-1,"schema_name":"ColumnSpecsBase","schema_type":"Iced"},"name":"dummy_region_region_25","type":"double","format":"%f","description":"dummy_region_region_25"},{"__meta":{"schema_version":-1,"schema_name":"ColumnSpecsBase","schema_type":"Iced"},"name":"dummy_region_region_26","type":"double","format":"%f","description":"dummy_region_region_26"},{"__meta":{"schema_version":-1,"schema_name":"ColumnSpecsBase","schema_type":"Iced"},"name":"dummy_region_region_27","type":"double","format":"%f","description":"dummy_region_region_27"},{"__meta":{"schema_version":-1,"schema_name":"ColumnSpecsBase","schema_type":"Iced"},"name":"dummy_region_region_28","type":"double","format":"%f","description":"dummy_region_region_28"},{"__meta":{"schema_version":-1,"schema_name":"ColumnSpecsBase","schema_type":"Iced"},"name":"dummy_region_region_29","type":"double","format":"%f","description":"dummy_region_region_29"},{"__meta":{"schema_version":-1,"schema_name":"ColumnSpecsBase","schema_type":"Iced"},"name":"dummy_region_region_3","type":"double","format":"%f","description":"dummy_region_region_3"},{"__meta":{"schema_version":-1,"schema_name":"ColumnSpecsBase","schema_type":"Iced"},"name":"dummy_region_region_30","type":"double","format":"%f","description":"dummy_region_region_30"},{"__meta":{"schema_version":-1,"schema_name":"ColumnSpecsBase","schema_type":"Iced"},"name":"dummy_region_region_31","type":"double","format":"%f","description":"dummy_region_region_31"},{"__meta":{"schema_version":-1,"schema_name":"ColumnSpecsBase","schema_type":"Iced"},"name":"dummy_region_region_32","type":"double","format":"%f","description":"dummy_region_region_32"},{"__meta":{"schema_version":-1,"schema_name":"ColumnSpecsBase","schema_type":"Iced"},"name":"dummy_region_region_33","type":"double","format":"%f","description":"dummy_region_region_33"},{"__meta":{"schema_version":-1,"schema_name":"ColumnSpecsBase","schema_type":"Iced"},"name":"dummy_region_region_34","type":"double","format":"%f","description":"dummy_region_region_34"},{"__meta":{"schema_version":-1,"schema_name":"ColumnSpecsBase","schema_type":"Iced"},"name":"dummy_region_region_4","type":"double","format":"%f","description":"dummy_region_region_4"},{"__meta":{"schema_version":-1,"schema_name":"ColumnSpecsBase","schema_type":"Iced"},"name":"dummy_region_region_5","type":"double","format":"%f","description":"dummy_region_region_5"},{"__meta":{"schema_version":-1,"schema_name":"ColumnSpecsBase","schema_type":"Iced"},"name":"dummy_region_region_6","type":"double","format":"%f","description":"dummy_region_region_6"},{"__meta":{"schema_version":-1,"schema_name":"ColumnSpecsBase","schema_type":"Iced"},"name":"dummy_region_region_7","type":"double","format":"%f","description":"dummy_region_region_7"},{"__meta":{"schema_version":-1,"schema_name":"ColumnSpecsBase","schema_type":"Iced"},"name":"dummy_region_region_8","type":"double","format":"%f","description":"dummy_region_region_8"},{"__meta":{"schema_version":-1,"schema_name":"ColumnSpecsBase","schema_type":"Iced"},"name":"dummy_region_region_9","type":"double","format":"%f","description":"dummy_region_region_9"},{"__meta":{"schema_version":-1,"schema_name":"ColumnSpecsBase","schema_type":"Iced"},"name":"dummy_education_below_secondary","type":"double","format":"%f","description":"dummy_education_Below Secondary"},{"__meta":{"schema_version":-1,"schema_name":"ColumnSpecsBase","schema_type":"Iced"},"name":"dummy_education_masters__above","type":"double","format":"%f","description":"dummy_education_Master's & above"},{"__meta":{"schema_version":-1,"schema_name":"ColumnSpecsBase","schema_type":"Iced"},"name":"dummy_education_missing","type":"double","format":"%f","description":"dummy_education_Missing"},{"__meta":{"schema_version":-1,"schema_name":"ColumnSpecsBase","schema_type":"Iced"},"name":"dummy_gender_m","type":"double","format":"%f","description":"dummy_gender_m"},{"__meta":{"schema_version":-1,"schema_name":"ColumnSpecsBase","schema_type":"Iced"},"name":"dummy_recruitment_channel_referred","type":"double","format":"%f","description":"dummy_recruitment_channel_referred"},{"__meta":{"schema_version":-1,"schema_name":"ColumnSpecsBase","schema_type":"Iced"},"name":"dummy_recruitment_channel_sourcing","type":"double","format":"%f","description":"dummy_recruitment_channel_sourcing"},{"__meta":{"schema_version":-1,"schema_name":"ColumnSpecsBase","schema_type":"Iced"},"name":"dummy_kpis_met_80_1","type":"double","format":"%f","description":"dummy_kpis_met_80_1"},{"__meta":{"schema_version":-1,"schema_name":"ColumnSpecsBase","schema_type":"Iced"},"name":"normalized_no_of_trainings","type":"double","format":"%f","description":"normalized_no_of_trainings"},{"__meta":{"schema_version":-1,"schema_name":"ColumnSpecsBase","schema_type":"Iced"},"name":"normalized_previous_year_rating","type":"double","format":"%f","description":"normalized_previous_year_rating"},{"__meta":{"schema_version":-1,"schema_name":"ColumnSpecsBase","schema_type":"Iced"},"name":"normalized_age","type":"double","format":"%f","description":"normalized_age"},{"__meta":{"schema_version":-1,"schema_name":"ColumnSpecsBase","schema_type":"Iced"},"name":"normalized_length_of_service","type":"double","format":"%f","description":"normalized_length_of_service"},{"__meta":{"schema_version":-1,"schema_name":"ColumnSpecsBase","schema_type":"Iced"},"name":"normalized_avg_training_score","type":"double","format":"%f","description":"normalized_avg_training_score"}],"rowcount":6,"data":[["1","2","3","4","5","6"],[0.0,0.0,0.1250359298649037,0.06706382978723403,0.06917326787905835,0.0],[0.0,0.0,0.10577752227651624,0.07412765957446808,0.06437576704228495,0.0],[0.0,0.0,0.0546133946536361,0.030808510638297874,0.02153296887202945,0.0],[0.0,0.0,0.027881575165277377,0.4753191489361702,0.4919111904496262,0.0],[0.0,0.0,0.3411899971256108,0.18961702127659574,0.19747852281602143,0.0],[0.0,0.0,0.05475711411325093,0.025106382978723404,0.02499163226598237,0.0],[1.0,0.0,0.0,0.0,4.46279147606828E-4,1.0],[0.0,1.0,0.0,0.0,0.0,0.0],[0.008352534562211982,0.016056118472330475,0.010635240011497557,0.009702127659574468,0.009037152739038268,0.019312235235484674],[0.025201612903225805,0.02151208106001559,0.02400114975567692,0.024936170212765958,0.023875934396965302,0.024296037876900076],[0.013248847926267281,0.00514419329696025,0.006467375682667433,0.010723404255319148,0.009148722525939975,0.008098679292300025],[0.052275345622119815,0.05705378020265004,0.03650474274216729,0.04348936170212766,0.04719401985942207,0.055444804385746324],[0.02044930875576037,0.01558846453624318,0.009629203794193734,0.012936170212765958,0.015285060805533861,0.01794168950909544],[0.048819124423963134,0.030397505845674203,0.03578614544409313,0.06238297872340426,0.06571460448510544,0.04771991029155245],[0.03470622119815668,0.035229929851909585,0.014228226501868352,0.022638297872340427,0.02354122503626018,0.033266882631447794],[0.011808755760368663,0.01730319563522993,0.01767749353262432,0.015319148936170212,0.015396630592435569,0.010341390480936954],[0.0014400921658986176,0.0,0.0,1.702127659574468E-4,1.1156978690170699E-4,0.00199352105656616],[0.015264976958525345,0.00872954014029618,0.00934176487496407,0.0225531914893617,0.018855293986388487,0.01669573884874159],[0.19700460829493088,0.2466095089633671,0.24978442081057775,0.23736170212765959,0.219346201048756,0.19935210565661599],[0.016273041474654377,0.012003117692907248,0.013509629203794194,0.016851063829787235,0.015173491018632154,0.016820333914776976],[0.008352534562211982,0.00514419329696025,0.0053176200057487785,0.007829787234042554,0.007586745509316077,0.00922003488661849],[0.09230990783410138,0.08636009353078722,0.1846795056050589,0.1127659574468085,0.14994979359589422,0.07326189882880638],[0.019585253456221197,0.03273577552611068,0.015234262719172175,0.020340425531914893,0.018409014838781657,0.02367306254672315],[0.009360599078341013,0.01730319563522993,0.006754814601897097,0.010382978723404256,0.004351221689166573,0.00922003488661849],[0.024193548387096774,0.01215900233826968,0.013797068123023858,0.009361702127659575,0.01004128082115363,0.023548467480687764],[0.037298387096774195,0.05424785658612627,0.04268467950560506,0.04468085106382979,0.03581390159544795,0.03625716421629704],[0.031826036866359445,0.036788776305533906,0.027737855705662548,0.030893617021276597,0.028785005020640412,0.025791178669324694],[0.03701036866359447,0.014029618082618862,0.023426271917217592,0.016170212765957447,0.018743724199486778,0.04261151258410167],[0.015408986175115207,0.0102883865939205,0.02400114975567692,0.021617021276595743,0.019301573133995314,0.016321953650635435],[0.009936635944700461,0.002338269680436477,0.0035929864903707963,0.004765957446808511,0.0056900591319870575,0.01295788686768004],[0.015697004608294932,0.00779423226812159,0.01164127622880138,0.010297872340425531,0.013165234854401428,0.01320707699975081],[0.03744239631336405,0.030397505845674203,0.03478010922678931,0.03625531914893617,0.03480977351333259,0.0373785198106155],[0.020737327188940093,0.0035853468433359316,0.01767749353262432,0.024595744680851062,0.017851165904273124,0.0149514079242462],[0.0038882488479262674,0.019017926734216678,0.0012934751365334866,0.0026382978723404255,0.0012272676559187772,0.004859207575380015],[0.006048387096774193,0.002182385035074045,0.005748778384593274,0.006893617021276595,0.003458663393952917,0.006354348367804635],[0.02894585253456221,0.020576773187841,0.026013222190284565,0.031404255319148935,0.040946111792926475,0.03600797408422626],[0.010944700460829493,0.033203429462197974,0.011353837309571716,0.00978723404255319,0.0070288965748075425,0.01445302766010466],[0.01972926267281106,0.012938425565081839,0.00862316757688991,0.01148936170212766,0.010933839116367288,0.01320707699975081],[0.0846774193548387,0.11005455962587685,0.0866628341477436,0.08459574468085107,0.08133437465134441,0.08759033142287566],[0.008640552995391706,0.008106001558846453,0.00862316757688991,0.014808510638297872,0.018743724199486778,0.00847246449040618],[0.011376728110599078,0.00436477007014809,0.007042253521126761,0.004936170212765957,0.0027892446725426754,0.016820333914776976],[0.0,0.028994544037412313,0.02356999137683242,0.019404255319148935,0.01606604931384581,0.0],[0.061923963133640555,0.3055339049103663,0.2687553894797356,0.2765106382978723,0.2898583063706348,0.4045601794168951],[0.11247119815668202,0.014809041309431021,0.029893647599885026,0.0265531914893617,0.01684703782215776,0.07949165213057563],[0.8231566820276498,0.6087295401402962,0.7898821500431158,0.6537021276595745,0.5768157982818253,0.800024919013207],[0.01483294930875576,0.048168355416991424,0.0,0.01923404255319149,0.028896574807542118,0.015823573386493896],[0.7610887096774194,0.4034294621979735,0.9962632940500143,0.19480851063829788,0.27602365279482316,0.14415649140294046],[0.4811347926267281,0.344037412314887,0.3146018970968669,0.0,1.0,0.07488163468726639],[0.07426075268817206,0.08147570797609771,0.09509437577848048,0.06822695035460999,0.06742534121759834,0.09236647562089885],[0.5862903225806456,0.5830397505845681,0.6077895947111255,0.5932425531914932,0.7590538882070763,0.5485173187141793],[0.34090581797235026,0.3717614964925954,0.3471830985915493,0.3772042553191489,0.3769301573133996,0.3976295788686769],[0.11927963389656955,0.13654628907941474,0.12396202612500411,0.1432695035460991,0.13110379709174752,0.15022011794999582],[0.18960013440860296,0.6820940504027009,0.5327704321165085,0.438607092198582,0.43793186805013246,0.18520641249273292]]},"centers_std":null},"compatible_frames":null}
