{"__meta":{"schema_version":3,"schema_name":"KMeansModelV3","schema_type":"KMeansModel"},"model_id":{"__meta":{"schema_version":3,"schema_name":"ModelKeyV3","schema_type":"Key<Model>"},"name":"KMeans_model_python_1668871369808_1","type":"Key<Model>","URL":"/3/Models/KMeans_model_python_1668871369808_1"},"algo":"kmeans","algo_full_name":"K-means","response_column_name":null,"treatment_column_name":null,"data_frame":{"__meta":{"schema_version":3,"schema_name":"FrameKeyV3","schema_type":"Key<Frame>"},"name":"train_hdf","type":"Key<Frame>","URL":"/3/Frames/train_hdf"},"timestamp":1668871536385,"have_pojo":true,"have_mojo":true,"algo":"kmeans","algo_full_name":"K-means","model_id":{"__meta":{"schema_version":3,"schema_name":"ModelKeyV3","schema_type":"Key<Model>"},"name":"KMeans_model_python_1668871369808_1","type":"Key<Model>","URL":"/3/Models/KMeans_model_python_1668871369808_1"},"parameters":[{"__meta":{"schema_version":3,"schema_name":"ModelParameterSchemaV3","schema_type":"Iced"},"name":"model_id","label":"model_id","help":"Destination id for this model; auto-generated if not specified.","required":false,"type":"Key<Model>","default_value":null,"actual_value":{"__meta":{"schema_version":3,"schema_name":"ModelKeyV3","schema_type":"Key<Model>"},"name":"KMeans_model_python_1668871369808_1","type":"Key<Model>","URL":"/3/Models/KMeans_model_python_1668871369808_1"},"input_value":null,"level":"critical","values":[],"is_member_of_frames":[],"is_mutually_exclusive_with":[],"gridable":false},{"__meta":{"schema_version":3,"schema_name":"ModelParameterSchemaV3","schema_type":"Iced"},"name":"training_frame","label":"training_frame","help":"Id of the training data frame.","required":false,"type":"Key<Frame>","default_value":null,"actual_value":{"__meta":{"schema_version":3,"schema_name":"FrameKeyV3","schema_type":"Key<Frame>"},"name":"train_hdf","type":"Key<Frame>","URL":"/3/Frames/train_hdf"},"input_value":{"__meta":{"schema_version":3,"schema_name":"FrameKeyV3","schema_type":"Key<Frame>"},"name":"train_hdf","type":"Key<Frame>","URL":"/3/Frames/train_hdf"},"level":"critical","values":[],"is_member_of_frames":[],"is_mutually_exclusive_with":[],"gridable":false},{"__meta":{"schema_version":3,"schema_name":"ModelParameterSchemaV3","schema_type":"Iced"},"name":"validation_frame","label":"validation_frame","help":"Id of the validation data frame.","required":false,"type":"Key<Frame>","default_value":null,"actual_value":{"__meta":{"schema_version":3,"schema_name":"FrameKeyV3","schema_type":"Key<Frame>"},"name":"valid_hdf","type":"Key<Frame>","URL":"/3/Frames/valid_hdf"},"input_value":{"__meta":{"schema_version":3,"schema_name":"FrameKeyV3","schema_type":"Key<Frame>"},"name":"valid_hdf","type":"Key<Frame>","URL":"/3/Frames/valid_hdf"},"level":"critical","values":[],"is_member_of_frames":[],"is_mutually_exclusive_with":[],"gridable":true},{"__meta":{"schema_version":3,"schema_name":"ModelParameterSchemaV3","schema_type":"Iced"},"name":"nfolds","label":"nfolds","help":"Number of folds for K-fold cross-validation (0 to disable or >= 2).","required":false,"type":"int","default_value":0,"actual_value":0,"input_value":0,"level":"critical","values":[],"is_member_of_frames":[],"is_mutually_exclusive_with":[],"gridable":false},{"__meta":{"schema_version":3,"schema_name":"ModelParameterSchemaV3","schema_type":"Iced"},"name":"keep_cross_validation_models","label":"keep_cross_validation_models","help":"Whether to keep the cross-validation models.","required":false,"type":"boolean","default_value":true,"actual_value":true,"input_value":true,"level":"expert","values":[],"is_member_of_frames":[],"is_mutually_exclusive_with":[],"gridable":false},{"__meta":{"schema_version":3,"schema_name":"ModelParameterSchemaV3","schema_type":"Iced"},"name":"keep_cross_validation_predictions","label":"keep_cross_validation_predictions","help":"Whether to keep the predictions of the cross-validation models.","required":false,"type":"boolean","default_value":false,"actual_value":false,"input_value":false,"level":"expert","values":[],"is_member_of_frames":[],"is_mutually_exclusive_with":[],"gridable":false},{"__meta":{"schema_version":3,"schema_name":"ModelParameterSchemaV3","schema_type":"Iced"},"name":"keep_cross_validation_fold_assignment","label":"keep_cross_validation_fold_assignment","help":"Whether to keep the cross-validation fold assignment.","required":false,"type":"boolean","default_value":false,"actual_value":false,"input_value":false,"level":"expert","values":[],"is_member_of_frames":[],"is_mutually_exclusive_with":[],"gridable":false},{"__meta":{"schema_version":3,"schema_name":"ModelParameterSchemaV3","schema_type":"Iced"},"name":"fold_assignment","label":"fold_assignment","help":"Cross-validation fold assignment scheme, if fold_column is not specified. The 'Stratified' option will stratify the folds based on the response variable, for classification problems.","required":false,"type":"enum","default_value":"AUTO","actual_value":null,"input_value":"AUTO","level":"secondary","values":["AUTO","Random","Modulo","Stratified"],"is_member_of_frames":[],"is_mutually_exclusive_with":[],"gridable":true},{"__meta":{"schema_version":3,"schema_name":"ModelParameterSchemaV3","schema_type":"Iced"},"name":"fold_column","label":"fold_column","help":"Column with cross-validation fold index assignment per observation.","required":false,"type":"VecSpecifier","default_value":null,"actual_value":null,"input_value":null,"level":"secondary","values":[],"is_member_of_frames":["training_frame"],"is_mutually_exclusive_with":["response_column","weights_column","ignored_columns","offset_column"],"gridable":true},{"__meta":{"schema_version":3,"schema_name":"ModelParameterSchemaV3","schema_type":"Iced"},"name":"ignored_columns","label":"ignored_columns","help":"Names of columns to ignore for training.","required":false,"type":"string[]","default_value":null,"actual_value":["Fare","Age_Mean","Pclass","NameTitle","Sex","Ticket_int","cabine_prefix","SibSp","Parch","Ticket_str","Embarked"],"input_value":["Fare","Age_Mean","Pclass","NameTitle","Sex","Ticket_int","cabine_prefix","SibSp","Parch","Ticket_str","Embarked"],"level":"critical","values":[],"is_member_of_frames":["training_frame","validation_frame"],"is_mutually_exclusive_with":["response_column","weights_column","offset_column","fold_column"],"gridable":false},{"__meta":{"schema_version":3,"schema_name":"ModelParameterSchemaV3","schema_type":"Iced"},"name":"ignore_const_cols","label":"ignore_const_cols","help":"Ignore constant columns.","required":false,"type":"boolean","default_value":true,"actual_value":true,"input_value":true,"level":"critical","values":[],"is_member_of_frames":[],"is_mutually_exclusive_with":[],"gridable":false},{"__meta":{"schema_version":3,"schema_name":"ModelParameterSchemaV3","schema_type":"Iced"},"name":"score_each_iteration","label":"score_each_iteration","help":"Whether to score during each iteration of model training.","required":false,"type":"boolean","default_value":false,"actual_value":false,"input_value":false,"level":"secondary","values":[],"is_member_of_frames":[],"is_mutually_exclusive_with":[],"gridable":false},{"__meta":{"schema_version":3,"schema_name":"ModelParameterSchemaV3","schema_type":"Iced"},"name":"k","label":"k","help":"The max. number of clusters. If estimate_k is disabled, the model will find k centroids, otherwise it will find up to k centroids.","required":false,"type":"int","default_value":1,"actual_value":10,"input_value":10,"level":"critical","values":[],"is_member_of_frames":[],"is_mutually_exclusive_with":[],"gridable":true},{"__meta":{"schema_version":3,"schema_name":"ModelParameterSchemaV3","schema_type":"Iced"},"name":"estimate_k","label":"estimate_k","help":"Whether to estimate the number of clusters (<=k) iteratively and deterministically.","required":false,"type":"boolean","default_value":false,"actual_value":true,"input_value":true,"level":"critical","values":[],"is_member_of_frames":[],"is_mutually_exclusive_with":[],"gridable":true},{"__meta":{"schema_version":3,"schema_name":"ModelParameterSchemaV3","schema_type":"Iced"},"name":"user_points","label":"user_points","help":"This option allows you to specify a dataframe, where each row represents an initial cluster center. The user-specified points must have the same number of columns as the training observations. The number of rows must equal the number of clusters","required":false,"type":"Key<Frame>","default_value":null,"actual_value":null,"input_value":null,"level":"expert","values":[],"is_member_of_frames":[],"is_mutually_exclusive_with":[],"gridable":false},{"__meta":{"schema_version":3,"schema_name":"ModelParameterSchemaV3","schema_type":"Iced"},"name":"max_iterations","label":"max_iterations","help":"Maximum training iterations (if estimate_k is enabled, then this is for each inner Lloyds iteration)","required":false,"type":"int","default_value":10,"actual_value":10,"input_value":10,"level":"critical","values":[],"is_member_of_frames":[],"is_mutually_exclusive_with":[],"gridable":true},{"__meta":{"schema_version":3,"schema_name":"ModelParameterSchemaV3","schema_type":"Iced"},"name":"standardize","label":"standardize","help":"Standardize columns before computing distances","required":false,"type":"boolean","default_value":true,"actual_value":false,"input_value":false,"level":"critical","values":[],"is_member_of_frames":[],"is_mutually_exclusive_with":[],"gridable":true},{"__meta":{"schema_version":3,"schema_name":"ModelParameterSchemaV3","schema_type":"Iced"},"name":"seed","label":"seed","help":"RNG Seed","required":false,"type":"long","default_value":-1,"actual_value":1,"input_value":1,"level":"secondary","values":[],"is_member_of_frames":[],"is_mutually_exclusive_with":[],"gridable":true},{"__meta":{"schema_version":3,"schema_name":"ModelParameterSchemaV3","schema_type":"Iced"},"name":"init","label":"init","help":"Initialization mode","required":false,"type":"enum","default_value":"Furthest","actual_value":"Furthest","input_value":"Furthest","level":"critical","values":["Random","PlusPlus","Furthest","User"],"is_member_of_frames":[],"is_mutually_exclusive_with":[],"gridable":true},{"__meta":{"schema_version":3,"schema_name":"ModelParameterSchemaV3","schema_type":"Iced"},"name":"max_runtime_secs","label":"max_runtime_secs","help":"Maximum allowed runtime in seconds for model training. Use 0 to disable.","required":false,"type":"double","default_value":0.0,"actual_value":0.0,"input_value":0.0,"level":"secondary","values":[],"is_member_of_frames":[],"is_mutually_exclusive_with":[],"gridable":true},{"__meta":{"schema_version":3,"schema_name":"ModelParameterSchemaV3","schema_type":"Iced"},"name":"categorical_encoding","label":"categorical_encoding","help":"Encoding scheme for categorical features","required":false,"type":"enum","default_value":"AUTO","actual_value":"Enum","input_value":"AUTO","level":"secondary","values":["AUTO","Enum","OneHotInternal","OneHotExplicit","Binary","Eigen","LabelEncoder","SortByResponse","EnumLimited"],"is_member_of_frames":[],"is_mutually_exclusive_with":[],"gridable":true},{"__meta":{"schema_version":3,"schema_name":"ModelParameterSchemaV3","schema_type":"Iced"},"name":"export_checkpoints_dir","label":"export_checkpoints_dir","help":"Automatically export generated models to this directory.","required":false,"type":"string","default_value":null,"actual_value":null,"input_value":null,"level":"secondary","values":[],"is_member_of_frames":[],"is_mutually_exclusive_with":[],"gridable":false},{"__meta":{"schema_version":3,"schema_name":"ModelParameterSchemaV3","schema_type":"Iced"},"name":"cluster_size_constraints","label":"cluster_size_constraints","help":"An array specifying the minimum number of points that should be in each cluster. The length of the constraints array has to be the same as the number of clusters.","required":false,"type":"int[]","default_value":null,"actual_value":null,"input_value":null,"level":"expert","values":[],"is_member_of_frames":[],"is_mutually_exclusive_with":[],"gridable":false}],"output":{"__meta":{"schema_version":3,"schema_name":"KMeansModelOutputV3","schema_type":"KMeansOutput"},"names":["dummy_Pclass_2","dummy_Pclass_3","dummy_Embarked_Missing","dummy_Embarked_Q","dummy_Embarked_S","dummy_cabine_prefix_B","dummy_cabine_prefix_C","dummy_cabine_prefix_D","dummy_cabine_prefix_E","dummy_cabine_prefix_F","dummy_cabine_prefix_G","dummy_cabine_prefix_T","dummy_cabine_prefix_missing","dummy_Ticket_str_CA","dummy_Ticket_str_FCC","dummy_Ticket_str_LINE","dummy_Ticket_str_LOW","dummy_Ticket_str_PC","dummy_Ticket_str_PPP","dummy_Ticket_str_SCAHBasle","dummy_Ticket_str_SCPARIS","dummy_Ticket_str_SCParis","dummy_Ticket_str_SOC","dummy_Ticket_str_SOTONOQ","dummy_Ticket_str_SWPP","dummy_Ticket_str_WC","dummy_Ticket_str_WEP","dummy_Ticket_str_missing","dummy_NameTitle_Dr","dummy_NameTitle_LOW","dummy_NameTitle_Major","dummy_NameTitle_Master","dummy_NameTitle_Miss","dummy_NameTitle_Mlle","dummy_NameTitle_Mr","dummy_NameTitle_Mrs","dummy_NameTitle_Sir","dummy_Sex_male","normalized_Fare","normalized_SibSp","normalized_Parch","normalized_Age_Mean","normalized_Ticket_int"],"original_names":null,"column_types":["Numeric","Numeric","Numeric","Numeric","Numeric","Numeric","Numeric","Numeric","Numeric","Numeric","Numeric","Numeric","Numeric","Numeric","Numeric","Numeric","Numeric","Numeric","Numeric","Numeric","Numeric","Numeric","Numeric","Numeric","Numeric","Numeric","Numeric","Numeric","Numeric","Numeric","Numeric","Numeric","Numeric","Numeric","Numeric","Numeric","Numeric","Numeric","Numeric","Numeric","Numeric","Numeric","Numeric"],"domains":[null,null,null,null,null,null,null,null,null,null,null,null,null,null,null,null,null,null,null,null,null,null,null,null,null,null,null,null,null,null,null,null,null,null,null,null,null,null,null,null,null,null,null],"cross_validation_models":null,"cross_validation_predictions":null,"cross_validation_holdout_predictions_frame_id":null,"cross_validation_fold_assignment_frame_id":null,"model_category":"Clustering","model_summary":{"__meta":{"schema_version":3,"schema_name":"TwoDimTableV3","schema_type":"TwoDimTable"},"name":"Model Summary","description":"","columns":[{"__meta":{"schema_version":-1,"schema_name":"ColumnSpecsBase","schema_type":"Iced"},"name":"","type":"string","format":"%s","description":""},{"__meta":{"schema_version":-1,"schema_name":"ColumnSpecsBase","schema_type":"Iced"},"name":"number_of_rows","type":"long","format":"%d","description":"Number of Rows"},{"__meta":{"schema_version":-1,"schema_name":"ColumnSpecsBase","schema_type":"Iced"},"name":"number_of_clusters","type":"long","format":"%d","description":"Number of Clusters"},{"__meta":{"schema_version":-1,"schema_name":"ColumnSpecsBase","schema_type":"Iced"},"name":"number_of_categorical_columns","type":"long","format":"%d","description":"Number of Categorical Columns"},{"__meta":{"schema_version":-1,"schema_name":"ColumnSpecsBase","schema_type":"Iced"},"name":"number_of_iterations","type":"long","format":"%d","description":"Number of Iterations"},{"__meta":{"schema_version":-1,"schema_name":"ColumnSpecsBase","schema_type":"Iced"},"name":"within_cluster_sum_of_squares","type":"double","format":"%.5f","description":"Within Cluster Sum of Squares"},{"__meta":{"schema_version":-1,"schema_name":"ColumnSpecsBase","schema_type":"Iced"},"name":"total_sum_of_squares","type":"double","format":"%.5f","description":"Total Sum of Squares"},{"__meta":{"schema_version":-1,"schema_name":"ColumnSpecsBase","schema_type":"Iced"},"name":"between_cluster_sum_of_squares","type":"double","format":"%.5f","description":"Between Cluster Sum of Squares"}],"rowcount":1,"data":[[""],[576],[5],[0],[22],[777.0206674898687],[1415.7523485359875],[638.7316810461188]]},"scoring_history":{"__meta":{"schema_version":3,"schema_name":"TwoDimTableV3","schema_type":"TwoDimTable"},"name":"Scoring History","description":"","columns":[{"__meta":{"schema_version":-1,"schema_name":"ColumnSpecsBase","schema_type":"Iced"},"name":"","type":"string","format":"%s","description":""},{"__meta":{"schema_version":-1,"schema_name":"ColumnSpecsBase","schema_type":"Iced"},"name":"timestamp","type":"string","format":"%s","description":"Timestamp"},{"__meta":{"schema_version":-1,"schema_name":"ColumnSpecsBase","schema_type":"Iced"},"name":"duration","type":"string","format":"%s","description":"Duration"},{"__meta":{"schema_version":-1,"schema_name":"ColumnSpecsBase","schema_type":"Iced"},"name":"iterations","type":"long","format":"%d","description":"Iterations"},{"__meta":{"schema_version":-1,"schema_name":"ColumnSpecsBase","schema_type":"Iced"},"name":"number_of_clusters","type":"long","format":"%d","description":"Number of Clusters"},{"__meta":{"schema_version":-1,"schema_name":"ColumnSpecsBase","schema_type":"Iced"},"name":"number_of_reassigned_observations","type":"long","format":"%d","description":"Number of Reassigned Observations"},{"__meta":{"schema_version":-1,"schema_name":"ColumnSpecsBase","schema_type":"Iced"},"name":"within_cluster_sum_of_squares","type":"double","format":"%.5f","description":"Within Cluster Sum Of Squares"}],"rowcount":23,"data":[["","","","","","","","","","","","","","","","","","","","","","",""],["2022-11-19 15:25:36","2022-11-19 15:25:36","2022-11-19 15:25:36","2022-11-19 15:25:36","2022-11-19 15:25:36","2022-11-19 15:25:36","2022-11-19 15:25:36","2022-11-19 15:25:36","2022-11-19 15:25:36","2022-11-19 15:25:36","2022-11-19 15:25:36","2022-11-19 15:25:36","2022-11-19 15:25:36","2022-11-19 15:25:36","2022-11-19 15:25:36","2022-11-19 15:25:36","2022-11-19 15:25:36","2022-11-19 15:25:36","2022-11-19 15:25:36","2022-11-19 15:25:36","2022-11-19 15:25:36","2022-11-19 15:25:36","2022-11-19 15:25:36"],[" 0.088 sec"," 0.191 sec"," 0.211 sec"," 0.257 sec"," 0.285 sec"," 0.295 sec"," 0.312 sec"," 0.319 sec"," 0.325 sec"," 0.330 sec"," 0.334 sec"," 0.339 sec"," 0.344 sec"," 0.350 sec"," 0.354 sec"," 0.359 sec"," 0.368 sec"," 0.373 sec"," 0.378 sec"," 0.383 sec"," 0.389 sec"," 0.394 sec"," 0.404 sec"],[0,1,2,3,4,5,6,7,8,9,10,11,12,13,14,15,16,17,18,19,20,21,22],[0,1,1,2,3,3,4,4,4,4,4,4,4,4,4,4,5,5,5,5,5,5,5],["NaN",576.0,0.0,0.0,12.0,0.0,5.0,19.0,25.0,33.0,48.0,17.0,17.0,2.0,2.0,0.0,2.0,4.0,8.0,35.0,32.0,9.0,0.0],["NaN",4198.006203540147,1415.7523485359875,1251.887441663261,1037.9785884071773,1036.28541217967,1027.515345329479,1018.2333004033666,988.9176594993949,976.3057019626715,932.2354213816869,893.4120644553032,884.0198055917273,877.4973256596818,877.1953520735716,877.0222470073668,869.39720378232,864.4665057443467,858.7442464588306,846.8775426791761,800.7257865739745,778.3533147830886,777.0206674898687]]},"cv_scoring_history":null,"reproducibility_information_table":[{"__meta":{"schema_version":3,"schema_name":"TwoDimTableV3","schema_type":"TwoDimTable"},"name":"Node Information","description":"","columns":[{"__meta":{"schema_version":-1,"schema_name":"ColumnSpecsBase","schema_type":"Iced"},"name":"","type":"string","format":"%s","description":""},{"__meta":{"schema_version":-1,"schema_name":"ColumnSpecsBase","schema_type":"Iced"},"name":"node","type":"int","format":"%d","description":"node"},{"__meta":{"schema_version":-1,"schema_name":"ColumnSpecsBase","schema_type":"Iced"},"name":"h2o","type":"string","format":"%s","description":"h2o"},{"__meta":{"schema_version":-1,"schema_name":"ColumnSpecsBase","schema_type":"Iced"},"name":"healthy","type":"string","format":"%s","description":"healthy"},{"__meta":{"schema_version":-1,"schema_name":"ColumnSpecsBase","schema_type":"Iced"},"name":"last_ping","type":"string","format":"%s","description":"last_ping"},{"__meta":{"schema_version":-1,"schema_name":"ColumnSpecsBase","schema_type":"Iced"},"name":"num_cpus","type":"int","format":"%d","description":"num_cpus"},{"__meta":{"schema_version":-1,"schema_name":"ColumnSpecsBase","schema_type":"Iced"},"name":"sys_load","type":"double","format":"%.5f","description":"sys_load"},{"__meta":{"schema_version":-1,"schema_name":"ColumnSpecsBase","schema_type":"Iced"},"name":"mem_value_size","type":"long","format":"%d","description":"mem_value_size"},{"__meta":{"schema_version":-1,"schema_name":"ColumnSpecsBase","schema_type":"Iced"},"name":"free_mem","type":"long","format":"%d","description":"free_mem"},{"__meta":{"schema_version":-1,"schema_name":"ColumnSpecsBase","schema_type":"Iced"},"name":"pojo_mem","type":"long","format":"%d","description":"pojo_mem"},{"__meta":{"schema_version":-1,"schema_name":"ColumnSpecsBase","schema_type":"Iced"},"name":"swap_mem","type":"long","format":"%d","description":"swap_mem"},{"__meta":{"schema_version":-1,"schema_name":"ColumnSpecsBase","schema_type":"Iced"},"name":"free_disc","type":"long","format":"%d","description":"free_disc"},{"__meta":{"schema_version":-1,"schema_name":"ColumnSpecsBase","schema_type":"Iced"},"name":"max_disc","type":"long","format":"%d","description":"max_disc"},{"__meta":{"schema_version":-1,"schema_name":"ColumnSpecsBase","schema_type":"Iced"},"name":"pid","type":"int","format":"%d","description":"pid"},{"__meta":{"schema_version":-1,"schema_name":"ColumnSpecsBase","schema_type":"Iced"},"name":"num_keys","type":"int","format":"%d","description":"num_keys"},{"__meta":{"schema_version":-1,"schema_name":"ColumnSpecsBase","schema_type":"Iced"},"name":"tcps_active","type":"string","format":"%s","description":"tcps_active"},{"__meta":{"schema_version":-1,"schema_name":"ColumnSpecsBase","schema_type":"Iced"},"name":"open_fds","type":"int","format":"%d","description":"open_fds"},{"__meta":{"schema_version":-1,"schema_name":"ColumnSpecsBase","schema_type":"Iced"},"name":"rpcs_active","type":"string","format":"%s","description":"rpcs_active"},{"__meta":{"schema_version":-1,"schema_name":"ColumnSpecsBase","schema_type":"Iced"},"name":"nthreads","type":"int","format":"%d","description":"nthreads"},{"__meta":{"schema_version":-1,"schema_name":"ColumnSpecsBase","schema_type":"Iced"},"name":"is_leader","type":"string","format":"%s","description":"is_leader"},{"__meta":{"schema_version":-1,"schema_name":"ColumnSpecsBase","schema_type":"Iced"},"name":"total_mem","type":"long","format":"%d","description":"total_mem"},{"__meta":{"schema_version":-1,"schema_name":"ColumnSpecsBase","schema_type":"Iced"},"name":"max_mem","type":"long","format":"%d","description":"max_mem"},{"__meta":{"schema_version":-1,"schema_name":"ColumnSpecsBase","schema_type":"Iced"},"name":"java_version","type":"string","format":"%s","description":"java_version"},{"__meta":{"schema_version":-1,"schema_name":"ColumnSpecsBase","schema_type":"Iced"},"name":"jvm_launch_parameters","type":"string","format":"%s","description":"jvm_launch_parameters"},{"__meta":{"schema_version":-1,"schema_name":"ColumnSpecsBase","schema_type":"Iced"},"name":"os_version","type":"string","format":"%s","description":"os_version"},{"__meta":{"schema_version":-1,"schema_name":"ColumnSpecsBase","schema_type":"Iced"},"name":"machine_physical_mem","type":"long","format":"%d","description":"machine_physical_mem"},{"__meta":{"schema_version":-1,"schema_name":"ColumnSpecsBase","schema_type":"Iced"},"name":"machine_locale","type":"string","format":"%s","description":"machine_locale"}],"rowcount":1,"data":[[""],[0],["127.0.0.1:54321"],["true"],["1668871535473"],[2],[0.62],[800439],[1028901193],[0],[0],[61473816576],[126759206912],[23919],[1078],["\u0000"],[28],["\u0000"],[2],["true"],[162529280],[1029701632],["Java 11.0.17 (from Ubuntu)"],["[-ea]"],["Linux 5.15.0-1022-azure (amd64)"],[4116709376],["en"]]},{"__meta":{"schema_version":3,"schema_name":"TwoDimTableV3","schema_type":"TwoDimTable"},"name":"Cluster Configuration","description":"","columns":[{"__meta":{"schema_version":-1,"schema_name":"ColumnSpecsBase","schema_type":"Iced"},"name":"","type":"string","format":"%s","description":""},{"__meta":{"schema_version":-1,"schema_name":"ColumnSpecsBase","schema_type":"Iced"},"name":"h2o_cluster_uptime","type":"long","format":"%d","description":"H2O cluster uptime"},{"__meta":{"schema_version":-1,"schema_name":"ColumnSpecsBase","schema_type":"Iced"},"name":"h2o_cluster_timezone","type":"string","format":"%s","description":"H2O cluster timezone"},{"__meta":{"schema_version":-1,"schema_name":"ColumnSpecsBase","schema_type":"Iced"},"name":"h2o_data_parsing_timezone","type":"string","format":"%s","description":"H2O data parsing timezone"},{"__meta":{"schema_version":-1,"schema_name":"ColumnSpecsBase","schema_type":"Iced"},"name":"h2o_cluster_version","type":"string","format":"%s","description":"H2O cluster version"},{"__meta":{"schema_version":-1,"schema_name":"ColumnSpecsBase","schema_type":"Iced"},"name":"h2o_cluster_version_age","type":"string","format":"%s","description":"H2O cluster version age"},{"__meta":{"schema_version":-1,"schema_name":"ColumnSpecsBase","schema_type":"Iced"},"name":"h2o_cluster_name","type":"string","format":"%s","description":"H2O cluster name"},{"__meta":{"schema_version":-1,"schema_name":"ColumnSpecsBase","schema_type":"Iced"},"name":"h2o_cluster_total_nodes","type":"int","format":"%d","description":"H2O cluster total nodes"},{"__meta":{"schema_version":-1,"schema_name":"ColumnSpecsBase","schema_type":"Iced"},"name":"h2o_cluster_free_memory","type":"long","format":"%d","description":"H2O cluster free memory"},{"__meta":{"schema_version":-1,"schema_name":"ColumnSpecsBase","schema_type":"Iced"},"name":"h2o_cluster_total_cores","type":"int","format":"%d","description":"H2O cluster total cores"},{"__meta":{"schema_version":-1,"schema_name":"ColumnSpecsBase","schema_type":"Iced"},"name":"h2o_cluster_allowed_cores","type":"int","format":"%d","description":"H2O cluster allowed cores"},{"__meta":{"schema_version":-1,"schema_name":"ColumnSpecsBase","schema_type":"Iced"},"name":"h2o_cluster_status","type":"string","format":"%s","description":"H2O cluster status"},{"__meta":{"schema_version":-1,"schema_name":"ColumnSpecsBase","schema_type":"Iced"},"name":"h2o_internal_security","type":"string","format":"%s","description":"H2O internal security"},{"__meta":{"schema_version":-1,"schema_name":"ColumnSpecsBase","schema_type":"Iced"},"name":"h2o_api_extensions","type":"string","format":"%s","description":"H2O API Extensions"}],"rowcount":1,"data":[[""],[163378],["Etc/UTC"],["UTC"],["3.36.1.3"],["4 months and 10 days"],["H2O_from_python_azureuser_w0s9lm"],[1],[1028901193],[2],[2],["locked, healthly"],["false"],["XGBoost, Amazon S3, Algos, Infogram, AutoML, Core V3, TargetEncoder, Core V4"]]},{"__meta":{"schema_version":3,"schema_name":"TwoDimTableV3","schema_type":"TwoDimTable"},"name":"Input Frames Information","description":"","columns":[{"__meta":{"schema_version":-1,"schema_name":"ColumnSpecsBase","schema_type":"Iced"},"name":"","type":"string","format":"%s","description":""},{"__meta":{"schema_version":-1,"schema_name":"ColumnSpecsBase","schema_type":"Iced"},"name":"input_frame","type":"string","format":"%s","description":"Input Frame"},{"__meta":{"schema_version":-1,"schema_name":"ColumnSpecsBase","schema_type":"Iced"},"name":"checksum","type":"long","format":"%d","description":"Checksum"},{"__meta":{"schema_version":-1,"schema_name":"ColumnSpecsBase","schema_type":"Iced"},"name":"espc","type":"string","format":"%d","description":"ESPC"}],"rowcount":2,"data":[["",""],["training_frame","validation_frame"],[1889818996564399774,-1275503644246972955],["[0, 576]","[0, 62]"]]}],"training_metrics":{"__meta":{"schema_version":3,"schema_name":"ModelMetricsClusteringV3","schema_type":"ModelMetricsClustering"},"model":{"__meta":{"schema_version":3,"schema_name":"ModelKeyV3","schema_type":"Key<Model>"},"name":"KMeans_model_python_1668871369808_1","type":"Key<Model>","URL":"/3/Models/KMeans_model_python_1668871369808_1"},"model_checksum":-3155003155736664948,"frame":{"__meta":{"schema_version":3,"schema_name":"FrameKeyV3","schema_type":"Key<Frame>"},"name":"train_hdf","type":"Key<Frame>","URL":"/3/Frames/train_hdf"},"frame_checksum":1301725738676809119,"description":null,"model_category":"Clustering","scoring_time":1668871536375,"predictions":null,"MSE":"NaN","RMSE":"NaN","nobs":0,"custom_metric_name":null,"custom_metric_value":0.0,"tot_withinss":777.0206683126084,"totss":1415.7523497402256,"betweenss":638.7316814276171,"centroid_stats":{"__meta":{"schema_version":3,"schema_name":"TwoDimTableV3","schema_type":"TwoDimTable"},"name":"Centroid Statistics","description":"","columns":[{"__meta":{"schema_version":-1,"schema_name":"ColumnSpecsBase","schema_type":"Iced"},"name":"","type":"string","format":"%s","description":""},{"__meta":{"schema_version":-1,"schema_name":"ColumnSpecsBase","schema_type":"Iced"},"name":"centroid","type":"long","format":"%d","description":"Centroid"},{"__meta":{"schema_version":-1,"schema_name":"ColumnSpecsBase","schema_type":"Iced"},"name":"size","type":"double","format":"%.5f","description":"Size"},{"__meta":{"schema_version":-1,"schema_name":"ColumnSpecsBase","schema_type":"Iced"},"name":"within_cluster_sum_of_squares","type":"double","format":"%.5f","description":"Within Cluster Sum of Squares"}],"rowcount":5,"data":[["","","","",""],[1,2,3,4,5],[84,77,220,114,81],[188.34859872283852,77.77537314917721,190.85771618772006,188.09222193755835,131.9467583153146]]}},"validation_metrics":{"__meta":{"schema_version":3,"schema_name":"ModelMetricsClusteringV3","schema_type":"ModelMetricsClustering"},"model":{"__meta":{"schema_version":3,"schema_name":"ModelKeyV3","schema_type":"Key<Model>"},"name":"KMeans_model_python_1668871369808_1","type":"Key<Model>","URL":"/3/Models/KMeans_model_python_1668871369808_1"},"model_checksum":-3155003155736664948,"frame":{"__meta":{"schema_version":3,"schema_name":"FrameKeyV3","schema_type":"Key<Frame>"},"name":"valid_hdf","type":"Key<Frame>","URL":"/3/Frames/valid_hdf"},"frame_checksum":846930200403672931,"description":null,"model_category":"Clustering","scoring_time":1668871536381,"predictions":null,"MSE":"NaN","RMSE":"NaN","nobs":0,"custom_metric_name":null,"custom_metric_value":0.0,"tot_withinss":82.1060778506546,"totss":142.27454179920156,"betweenss":60.16846394854696,"centroid_stats":{"__meta":{"schema_version":3,"schema_name":"TwoDimTableV3","schema_type":"TwoDimTable"},"name":"Centroid Statistics","description":"","columns":[{"__meta":{"schema_version":-1,"schema_name":"ColumnSpecsBase","schema_type":"Iced"},"name":"","type":"string","format":"%s","description":""},{"__meta":{"schema_version":-1,"schema_name":"ColumnSpecsBase","schema_type":"Iced"},"name":"centroid","type":"long","format":"%d","description":"Centroid"},{"__meta":{"schema_version":-1,"schema_name":"ColumnSpecsBase","schema_type":"Iced"},"name":"size","type":"double","format":"%.5f","description":"Size"},{"__meta":{"schema_version":-1,"schema_name":"ColumnSpecsBase","schema_type":"Iced"},"name":"within_cluster_sum_of_squares","type":"double","format":"%.5f","description":"Within Cluster Sum of Squares"}],"rowcount":5,"data":[["","","","",""],[1,2,3,4,5],[7,8,24,13,10],[17.523468748399402,8.275876759256922,21.171915622093216,15.986927540541366,19.147889180363673]]}},"cross_validation_metrics":null,"cross_validation_metrics_summary":null,"status":null,"start_time":1668871536021,"end_time":1668871536384,"run_time":363,"default_threshold":0.5,"help":{"cross_validation_metrics":"Cross-validation model metrics", "cross_validation_metrics_summary":"Cross-validation model metrics summary", "start_time":"Start time in milliseconds", "run_time":"Runtime in milliseconds", "centers_std":"Cluster Centers[k][features] on Standardized Data", "status":"Job status", "domains":"Domains for categorical columns", "centers":"Cluster Centers[k][features]", "model_category":"Category of the model (e.g., Binomial)", "reproducibility_information_table":"Model reproducibility information", "default_threshold":"Default threshold used for predictions", "__meta":"Metadata on this schema instance, to make it self-describing.", "model_summary":"Model summary", "scoring_history":"Scoring history", "help":"Help information for output fields", "end_time":"End time in milliseconds", "names":"Column names", "column_types":"Column types", "original_names":"Original column names", "cross_validation_fold_assignment_frame_id":"Cross-validation fold assignment (each row is assigned to one holdout fold)", "cv_scoring_history":"Cross-Validation scoring history", "cross_validation_models":"Cross-validation models (model ids)", "training_metrics":"Training data model metrics", "cross_validation_predictions":"Cross-validation predictions, one per cv model (deprecated, use cross_validation_holdout_predictions_frame_id instead)", "cross_validation_holdout_predictions_frame_id":"Cross-validation holdout predictions (full out-of-sample predictions on training data)", "validation_metrics":"Validation data model metrics"},"centers":{"__meta":{"schema_version":3,"schema_name":"TwoDimTableV3","schema_type":"TwoDimTable"},"name":"Cluster Means","description":"","columns":[{"__meta":{"schema_version":-1,"schema_name":"ColumnSpecsBase","schema_type":"Iced"},"name":"centroid","type":"string","format":"%s","description":"Centroid"},{"__meta":{"schema_version":-1,"schema_name":"ColumnSpecsBase","schema_type":"Iced"},"name":"dummy_pclass_2","type":"double","format":"%f","description":"dummy_Pclass_2"},{"__meta":{"schema_version":-1,"schema_name":"ColumnSpecsBase","schema_type":"Iced"},"name":"dummy_pclass_3","type":"double","format":"%f","description":"dummy_Pclass_3"},{"__meta":{"schema_version":-1,"schema_name":"ColumnSpecsBase","schema_type":"Iced"},"name":"dummy_embarked_missing","type":"double","format":"%f","description":"dummy_Embarked_Missing"},{"__meta":{"schema_version":-1,"schema_name":"ColumnSpecsBase","schema_type":"Iced"},"name":"dummy_embarked_q","type":"double","format":"%f","description":"dummy_Embarked_Q"},{"__meta":{"schema_version":-1,"schema_name":"ColumnSpecsBase","schema_type":"Iced"},"name":"dummy_embarked_s","type":"double","format":"%f","description":"dummy_Embarked_S"},{"__meta":{"schema_version":-1,"schema_name":"ColumnSpecsBase","schema_type":"Iced"},"name":"dummy_cabine_prefix_b","type":"double","format":"%f","description":"dummy_cabine_prefix_B"},{"__meta":{"schema_version":-1,"schema_name":"ColumnSpecsBase","schema_type":"Iced"},"name":"dummy_cabine_prefix_c","type":"double","format":"%f","description":"dummy_cabine_prefix_C"},{"__meta":{"schema_version":-1,"schema_name":"ColumnSpecsBase","schema_type":"Iced"},"name":"dummy_cabine_prefix_d","type":"double","format":"%f","description":"dummy_cabine_prefix_D"},{"__meta":{"schema_version":-1,"schema_name":"ColumnSpecsBase","schema_type":"Iced"},"name":"dummy_cabine_prefix_e","type":"double","format":"%f","description":"dummy_cabine_prefix_E"},{"__meta":{"schema_version":-1,"schema_name":"ColumnSpecsBase","schema_type":"Iced"},"name":"dummy_cabine_prefix_f","type":"double","format":"%f","description":"dummy_cabine_prefix_F"},{"__meta":{"schema_version":-1,"schema_name":"ColumnSpecsBase","schema_type":"Iced"},"name":"dummy_cabine_prefix_g","type":"double","format":"%f","description":"dummy_cabine_prefix_G"},{"__meta":{"schema_version":-1,"schema_name":"ColumnSpecsBase","schema_type":"Iced"},"name":"dummy_cabine_prefix_t","type":"double","format":"%f","description":"dummy_cabine_prefix_T"},{"__meta":{"schema_version":-1,"schema_name":"ColumnSpecsBase","schema_type":"Iced"},"name":"dummy_cabine_prefix_missing","type":"double","format":"%f","description":"dummy_cabine_prefix_missing"},{"__meta":{"schema_version":-1,"schema_name":"ColumnSpecsBase","schema_type":"Iced"},"name":"dummy_ticket_str_ca","type":"double","format":"%f","description":"dummy_Ticket_str_CA"},{"__meta":{"schema_version":-1,"schema_name":"ColumnSpecsBase","schema_type":"Iced"},"name":"dummy_ticket_str_fcc","type":"double","format":"%f","description":"dummy_Ticket_str_FCC"},{"__meta":{"schema_version":-1,"schema_name":"ColumnSpecsBase","schema_type":"Iced"},"name":"dummy_ticket_str_line","type":"double","format":"%f","description":"dummy_Ticket_str_LINE"},{"__meta":{"schema_version":-1,"schema_name":"ColumnSpecsBase","schema_type":"Iced"},"name":"dummy_ticket_str_low","type":"double","format":"%f","description":"dummy_Ticket_str_LOW"},{"__meta":{"schema_version":-1,"schema_name":"ColumnSpecsBase","schema_type":"Iced"},"name":"dummy_ticket_str_pc","type":"double","format":"%f","description":"dummy_Ticket_str_PC"},{"__meta":{"schema_version":-1,"schema_name":"ColumnSpecsBase","schema_type":"Iced"},"name":"dummy_ticket_str_ppp","type":"double","format":"%f","description":"dummy_Ticket_str_PPP"},{"__meta":{"schema_version":-1,"schema_name":"ColumnSpecsBase","schema_type":"Iced"},"name":"dummy_ticket_str_scahbasle","type":"double","format":"%f","description":"dummy_Ticket_str_SCAHBasle"},{"__meta":{"schema_version":-1,"schema_name":"ColumnSpecsBase","schema_type":"Iced"},"name":"dummy_ticket_str_scparis","type":"double","format":"%f","description":"dummy_Ticket_str_SCPARIS"},{"__meta":{"schema_version":-1,"schema_name":"ColumnSpecsBase","schema_type":"Iced"},"name":"dummy_ticket_str_scparis","type":"double","format":"%f","description":"dummy_Ticket_str_SCParis"},{"__meta":{"schema_version":-1,"schema_name":"ColumnSpecsBase","schema_type":"Iced"},"name":"dummy_ticket_str_soc","type":"double","format":"%f","description":"dummy_Ticket_str_SOC"},{"__meta":{"schema_version":-1,"schema_name":"ColumnSpecsBase","schema_type":"Iced"},"name":"dummy_ticket_str_sotonoq","type":"double","format":"%f","description":"dummy_Ticket_str_SOTONOQ"},{"__meta":{"schema_version":-1,"schema_name":"ColumnSpecsBase","schema_type":"Iced"},"name":"dummy_ticket_str_swpp","type":"double","format":"%f","description":"dummy_Ticket_str_SWPP"},{"__meta":{"schema_version":-1,"schema_name":"ColumnSpecsBase","schema_type":"Iced"},"name":"dummy_ticket_str_wc","type":"double","format":"%f","description":"dummy_Ticket_str_WC"},{"__meta":{"schema_version":-1,"schema_name":"ColumnSpecsBase","schema_type":"Iced"},"name":"dummy_ticket_str_wep","type":"double","format":"%f","description":"dummy_Ticket_str_WEP"},{"__meta":{"schema_version":-1,"schema_name":"ColumnSpecsBase","schema_type":"Iced"},"name":"dummy_ticket_str_missing","type":"double","format":"%f","description":"dummy_Ticket_str_missing"},{"__meta":{"schema_version":-1,"schema_name":"ColumnSpecsBase","schema_type":"Iced"},"name":"dummy_nametitle_dr","type":"double","format":"%f","description":"dummy_NameTitle_Dr"},{"__meta":{"schema_version":-1,"schema_name":"ColumnSpecsBase","schema_type":"Iced"},"name":"dummy_nametitle_low","type":"double","format":"%f","description":"dummy_NameTitle_LOW"},{"__meta":{"schema_version":-1,"schema_name":"ColumnSpecsBase","schema_type":"Iced"},"name":"dummy_nametitle_major","type":"double","format":"%f","description":"dummy_NameTitle_Major"},{"__meta":{"schema_version":-1,"schema_name":"ColumnSpecsBase","schema_type":"Iced"},"name":"dummy_nametitle_master","type":"double","format":"%f","description":"dummy_NameTitle_Master"},{"__meta":{"schema_version":-1,"schema_name":"ColumnSpecsBase","schema_type":"Iced"},"name":"dummy_nametitle_miss","type":"double","format":"%f","description":"dummy_NameTitle_Miss"},{"__meta":{"schema_version":-1,"schema_name":"ColumnSpecsBase","schema_type":"Iced"},"name":"dummy_nametitle_mlle","type":"double","format":"%f","description":"dummy_NameTitle_Mlle"},{"__meta":{"schema_version":-1,"schema_name":"ColumnSpecsBase","schema_type":"Iced"},"name":"dummy_nametitle_mr","type":"double","format":"%f","description":"dummy_NameTitle_Mr"},{"__meta":{"schema_version":-1,"schema_name":"ColumnSpecsBase","schema_type":"Iced"},"name":"dummy_nametitle_mrs","type":"double","format":"%f","description":"dummy_NameTitle_Mrs"},{"__meta":{"schema_version":-1,"schema_name":"ColumnSpecsBase","schema_type":"Iced"},"name":"dummy_nametitle_sir","type":"double","format":"%f","description":"dummy_NameTitle_Sir"},{"__meta":{"schema_version":-1,"schema_name":"ColumnSpecsBase","schema_type":"Iced"},"name":"dummy_sex_male","type":"double","format":"%f","description":"dummy_Sex_male"},{"__meta":{"schema_version":-1,"schema_name":"ColumnSpecsBase","schema_type":"Iced"},"name":"normalized_fare","type":"double","format":"%f","description":"normalized_Fare"},{"__meta":{"schema_version":-1,"schema_name":"ColumnSpecsBase","schema_type":"Iced"},"name":"normalized_sibsp","type":"double","format":"%f","description":"normalized_SibSp"},{"__meta":{"schema_version":-1,"schema_name":"ColumnSpecsBase","schema_type":"Iced"},"name":"normalized_parch","type":"double","format":"%f","description":"normalized_Parch"},{"__meta":{"schema_version":-1,"schema_name":"ColumnSpecsBase","schema_type":"Iced"},"name":"normalized_age_mean","type":"double","format":"%f","description":"normalized_Age_Mean"},{"__meta":{"schema_version":-1,"schema_name":"ColumnSpecsBase","schema_type":"Iced"},"name":"normalized_ticket_int","type":"double","format":"%f","description":"normalized_Ticket_int"}],"rowcount":5,"data":[["1","2","3","4","5"],[0.011904761904761904,0.987012987012987,0.0,0.23684210526315788,0.345679012345679],[0.0,0.0,0.9727272727272728,0.543859649122807,0.32098765432098764],[0.0,0.0,0.0,0.008771929824561403,0.012345679012345678],[0.011904761904761904,0.012987012987012988,0.10909090909090909,0.19298245614035087,0.037037037037037035],[0.5119047619047619,0.8831168831168831,0.759090909090909,0.631578947368421,0.7901234567901234],[0.20238095238095238,0.0,0.0,0.06140350877192982,0.07407407407407407],[0.36904761904761907,0.0,0.0,0.043859649122807015,0.12345679012345678],[0.08333333333333333,0.012987012987012988,0.0,0.03508771929824561,0.07407407407407407],[0.13095238095238096,0.0,0.00909090909090909,0.043859649122807015,0.06172839506172839],[0.0,0.012987012987012988,0.013636363636363636,0.017543859649122806,0.012345679012345678],[0.0,0.0,0.0,0.008771929824561403,0.024691358024691357],[0.011904761904761904,0.0,0.0,0.0,0.0],[0.08333333333333333,0.974025974025974,0.9772727272727273,0.7807017543859649,0.6296296296296297],[0.0,0.1038961038961039,0.03636363636363636,0.05263157894736842,0.04938271604938271],[0.011904761904761904,0.012987012987012988,0.0,0.017543859649122806,0.012345679012345678],[0.0,0.0,0.013636363636363636,0.0,0.0],[0.0,0.03896103896103896,0.013636363636363636,0.0,0.0],[0.4523809523809524,0.0,0.0,0.017543859649122806,0.012345679012345678],[0.0,0.012987012987012988,0.004545454545454545,0.0,0.024691358024691357],[0.0,0.0,0.0,0.008771929824561403,0.012345679012345678],[0.0,0.06493506493506493,0.0,0.008771929824561403,0.0],[0.011904761904761904,0.012987012987012988,0.0,0.008771929824561403,0.012345679012345678],[0.0,0.03896103896103896,0.0,0.008771929824561403,0.0],[0.0,0.0,0.03636363636363636,0.008771929824561403,0.0],[0.0,0.025974025974025976,0.0,0.0,0.0],[0.0,0.012987012987012988,0.004545454545454545,0.02631578947368421,0.012345679012345678],[0.023809523809523808,0.0,0.0,0.008771929824561403,0.0],[0.5,0.6753246753246753,0.8136363636363636,0.8333333333333334,0.8518518518518519],[0.023809523809523808,0.012987012987012988,0.0,0.0,0.012345679012345678],[0.011904761904761904,0.05194805194805195,0.0,0.0,0.0],[0.023809523809523808,0.0,0.0,0.0,0.0],[0.023809523809523808,0.06493506493506493,0.07727272727272727,0.0,0.0],[0.09523809523809523,0.0,0.0,1.0,0.0],[0.023809523809523808,0.0,0.0,0.0,0.0],[0.7023809523809523,0.8571428571428571,0.9227272727272727,0.0,0.0],[0.08333333333333333,0.0,0.0,0.0,0.9876543209876543],[0.011904761904761904,0.0,0.0,0.0,0.0],[0.7976190476190477,1.0,1.0,0.0,0.0],[0.29532450259880044,0.0794220279512021,0.04937332539325982,0.13482564243971817,0.1706069016831048],[0.06666666666666671,0.07012987012987015,0.07909090909090903,0.12105263157894736,0.14074074074074067],[0.03174603174603174,0.036796536796536786,0.026515151515151512,0.09210526315789473,0.15020576131687238],[0.5191806608481935,0.4215843914970919,0.3737719903252016,0.30120592821612413,0.4632012681448002],[0.013090285506201692,0.03897635296572257,0.13005513912704153,0.07444839530959341,0.056668569166935384]]},"centers_std":null},"compatible_frames":null}
