{"__meta":{"schema_version":3,"schema_name":"GBMModelV3","schema_type":"GBMModel"},"model_id":{"__meta":{"schema_version":3,"schema_name":"ModelKeyV3","schema_type":"Key<Model>"},"name":"GBM_1_AutoML_1_20221122_222405","type":"Key<Model>","URL":"/3/Models/GBM_1_AutoML_1_20221122_222405"},"algo":"gbm","algo_full_name":"Gradient Boosting Machine","response_column_name":"cluster","treatment_column_name":null,"data_frame":{"__meta":{"schema_version":3,"schema_name":"FrameKeyV3","schema_type":"Key<Frame>"},"name":"AutoML_1_20221122_222405_training_train_hdf","type":"Key<Frame>","URL":"/3/Frames/AutoML_1_20221122_222405_training_train_hdf"},"timestamp":1669166724475,"have_pojo":true,"have_mojo":true,"algo":"gbm","algo_full_name":"Gradient Boosting Machine","model_id":{"__meta":{"schema_version":3,"schema_name":"ModelKeyV3","schema_type":"Key<Model>"},"name":"GBM_1_AutoML_1_20221122_222405","type":"Key<Model>","URL":"/3/Models/GBM_1_AutoML_1_20221122_222405"},"parameters":[{"__meta":{"schema_version":3,"schema_name":"ModelParameterSchemaV3","schema_type":"Iced"},"name":"model_id","label":"model_id","help":"Destination id for this model; auto-generated if not specified.","required":false,"type":"Key<Model>","default_value":null,"actual_value":{"__meta":{"schema_version":3,"schema_name":"ModelKeyV3","schema_type":"Key<Model>"},"name":"GBM_1_AutoML_1_20221122_222405","type":"Key<Model>","URL":"/3/Models/GBM_1_AutoML_1_20221122_222405"},"input_value":null,"level":"critical","values":[],"is_member_of_frames":[],"is_mutually_exclusive_with":[],"gridable":false},{"__meta":{"schema_version":3,"schema_name":"ModelParameterSchemaV3","schema_type":"Iced"},"name":"training_frame","label":"training_frame","help":"Id of the training data frame.","required":false,"type":"Key<Frame>","default_value":null,"actual_value":{"__meta":{"schema_version":3,"schema_name":"FrameKeyV3","schema_type":"Key<Frame>"},"name":"AutoML_1_20221122_222405_training_train_hdf","type":"Key<Frame>","URL":"/3/Frames/AutoML_1_20221122_222405_training_train_hdf"},"input_value":{"__meta":{"schema_version":3,"schema_name":"FrameKeyV3","schema_type":"Key<Frame>"},"name":"AutoML_1_20221122_222405_training_train_hdf","type":"Key<Frame>","URL":"/3/Frames/AutoML_1_20221122_222405_training_train_hdf"},"level":"critical","values":[],"is_member_of_frames":[],"is_mutually_exclusive_with":[],"gridable":false},{"__meta":{"schema_version":3,"schema_name":"ModelParameterSchemaV3","schema_type":"Iced"},"name":"validation_frame","label":"validation_frame","help":"Id of the validation data frame.","required":false,"type":"Key<Frame>","default_value":null,"actual_value":{"__meta":{"schema_version":3,"schema_name":"FrameKeyV3","schema_type":"Key<Frame>"},"name":"valid_hdf","type":"Key<Frame>","URL":"/3/Frames/valid_hdf"},"input_value":{"__meta":{"schema_version":3,"schema_name":"FrameKeyV3","schema_type":"Key<Frame>"},"name":"valid_hdf","type":"Key<Frame>","URL":"/3/Frames/valid_hdf"},"level":"critical","values":[],"is_member_of_frames":[],"is_mutually_exclusive_with":[],"gridable":true},{"__meta":{"schema_version":3,"schema_name":"ModelParameterSchemaV3","schema_type":"Iced"},"name":"nfolds","label":"nfolds","help":"Number of folds for K-fold cross-validation (0 to disable or >= 2).","required":false,"type":"int","default_value":0,"actual_value":5,"input_value":5,"level":"critical","values":[],"is_member_of_frames":[],"is_mutually_exclusive_with":[],"gridable":false},{"__meta":{"schema_version":3,"schema_name":"ModelParameterSchemaV3","schema_type":"Iced"},"name":"keep_cross_validation_models","label":"keep_cross_validation_models","help":"Whether to keep the cross-validation models.","required":false,"type":"boolean","default_value":true,"actual_value":false,"input_value":false,"level":"expert","values":[],"is_member_of_frames":[],"is_mutually_exclusive_with":[],"gridable":false},{"__meta":{"schema_version":3,"schema_name":"ModelParameterSchemaV3","schema_type":"Iced"},"name":"keep_cross_validation_predictions","label":"keep_cross_validation_predictions","help":"Whether to keep the predictions of the cross-validation models.","required":false,"type":"boolean","default_value":false,"actual_value":true,"input_value":true,"level":"expert","values":[],"is_member_of_frames":[],"is_mutually_exclusive_with":[],"gridable":false},{"__meta":{"schema_version":3,"schema_name":"ModelParameterSchemaV3","schema_type":"Iced"},"name":"keep_cross_validation_fold_assignment","label":"keep_cross_validation_fold_assignment","help":"Whether to keep the cross-validation fold assignment.","required":false,"type":"boolean","default_value":false,"actual_value":false,"input_value":false,"level":"expert","values":[],"is_member_of_frames":[],"is_mutually_exclusive_with":[],"gridable":false},{"__meta":{"schema_version":3,"schema_name":"ModelParameterSchemaV3","schema_type":"Iced"},"name":"score_each_iteration","label":"score_each_iteration","help":"Whether to score during each iteration of model training.","required":false,"type":"boolean","default_value":false,"actual_value":false,"input_value":false,"level":"secondary","values":[],"is_member_of_frames":[],"is_mutually_exclusive_with":[],"gridable":false},{"__meta":{"schema_version":3,"schema_name":"ModelParameterSchemaV3","schema_type":"Iced"},"name":"score_tree_interval","label":"score_tree_interval","help":"Score the model after every so many trees. Disabled if set to 0.","required":false,"type":"int","default_value":0,"actual_value":5,"input_value":5,"level":"secondary","values":[],"is_member_of_frames":[],"is_mutually_exclusive_with":[],"gridable":false},{"__meta":{"schema_version":3,"schema_name":"ModelParameterSchemaV3","schema_type":"Iced"},"name":"fold_assignment","label":"fold_assignment","help":"Cross-validation fold assignment scheme, if fold_column is not specified. The 'Stratified' option will stratify the folds based on the response variable, for classification problems.","required":false,"type":"enum","default_value":"AUTO","actual_value":"Modulo","input_value":"Modulo","level":"secondary","values":["AUTO","Random","Modulo","Stratified"],"is_member_of_frames":[],"is_mutually_exclusive_with":[],"gridable":true},{"__meta":{"schema_version":3,"schema_name":"ModelParameterSchemaV3","schema_type":"Iced"},"name":"fold_column","label":"fold_column","help":"Column with cross-validation fold index assignment per observation.","required":false,"type":"VecSpecifier","default_value":null,"actual_value":null,"input_value":null,"level":"secondary","values":[],"is_member_of_frames":["training_frame"],"is_mutually_exclusive_with":["response_column","weights_column","ignored_columns","offset_column"],"gridable":true},{"__meta":{"schema_version":3,"schema_name":"ModelParameterSchemaV3","schema_type":"Iced"},"name":"response_column","label":"response_column","help":"Response variable column.","required":false,"type":"VecSpecifier","default_value":null,"actual_value":{"__meta":{"schema_version":3,"schema_name":"ColSpecifierV3","schema_type":"VecSpecifier"},"column_name":"cluster","is_member_of_frames":null},"input_value":{"__meta":{"schema_version":3,"schema_name":"ColSpecifierV3","schema_type":"VecSpecifier"},"column_name":"cluster","is_member_of_frames":null},"level":"critical","values":[],"is_member_of_frames":["training_frame","validation_frame"],"is_mutually_exclusive_with":["weights_column","ignored_columns","offset_column","fold_column"],"gridable":true},{"__meta":{"schema_version":3,"schema_name":"ModelParameterSchemaV3","schema_type":"Iced"},"name":"ignored_columns","label":"ignored_columns","help":"Names of columns to ignore for training.","required":false,"type":"string[]","default_value":null,"actual_value":[],"input_value":[],"level":"critical","values":[],"is_member_of_frames":["training_frame","validation_frame"],"is_mutually_exclusive_with":["response_column","weights_column","offset_column","fold_column"],"gridable":false},{"__meta":{"schema_version":3,"schema_name":"ModelParameterSchemaV3","schema_type":"Iced"},"name":"ignore_const_cols","label":"ignore_const_cols","help":"Ignore constant columns.","required":false,"type":"boolean","default_value":true,"actual_value":true,"input_value":true,"level":"critical","values":[],"is_member_of_frames":[],"is_mutually_exclusive_with":[],"gridable":false},{"__meta":{"schema_version":3,"schema_name":"ModelParameterSchemaV3","schema_type":"Iced"},"name":"offset_column","label":"offset_column","help":"Offset column. This will be added to the combination of columns before applying the link function.","required":false,"type":"VecSpecifier","default_value":null,"actual_value":null,"input_value":null,"level":"secondary","values":[],"is_member_of_frames":["training_frame","validation_frame"],"is_mutually_exclusive_with":["response_column","weights_column","ignored_columns","fold_column"],"gridable":true},{"__meta":{"schema_version":3,"schema_name":"ModelParameterSchemaV3","schema_type":"Iced"},"name":"weights_column","label":"weights_column","help":"Column with observation weights. Giving some observation a weight of zero is equivalent to excluding it from the dataset; giving an observation a relative weight of 2 is equivalent to repeating that row twice. Negative weights are not allowed. Note: Weights are per-row observation weights and do not increase the size of the data frame. This is typically the number of times a row is repeated, but non-integer values are supported as well. During training, rows with higher weights matter more, due to the larger loss function pre-factor. If you set weight = 0 for a row, the returned prediction frame at that row is zero and this is incorrect. To get an accurate prediction, remove all rows with weight == 0.","required":false,"type":"VecSpecifier","default_value":null,"actual_value":null,"input_value":null,"level":"secondary","values":[],"is_member_of_frames":["training_frame","validation_frame"],"is_mutually_exclusive_with":["response_column","ignored_columns","offset_column","fold_column"],"gridable":true},{"__meta":{"schema_version":3,"schema_name":"ModelParameterSchemaV3","schema_type":"Iced"},"name":"balance_classes","label":"balance_classes","help":"Balance training data class counts via over/under-sampling (for imbalanced data).","required":false,"type":"boolean","default_value":false,"actual_value":false,"input_value":false,"level":"secondary","values":[],"is_member_of_frames":[],"is_mutually_exclusive_with":[],"gridable":true},{"__meta":{"schema_version":3,"schema_name":"ModelParameterSchemaV3","schema_type":"Iced"},"name":"class_sampling_factors","label":"class_sampling_factors","help":"Desired over/under-sampling ratios per class (in lexicographic order). If not specified, sampling factors will be automatically computed to obtain class balance during training. Requires balance_classes.","required":false,"type":"float[]","default_value":null,"actual_value":null,"input_value":null,"level":"expert","values":[],"is_member_of_frames":[],"is_mutually_exclusive_with":[],"gridable":true},{"__meta":{"schema_version":3,"schema_name":"ModelParameterSchemaV3","schema_type":"Iced"},"name":"max_after_balance_size","label":"max_after_balance_size","help":"Maximum relative size of the training data after balancing class counts (can be less than 1.0). Requires balance_classes.","required":false,"type":"float","default_value":5.0,"actual_value":5.0,"input_value":5.0,"level":"expert","values":[],"is_member_of_frames":[],"is_mutually_exclusive_with":[],"gridable":true},{"__meta":{"schema_version":3,"schema_name":"ModelParameterSchemaV3","schema_type":"Iced"},"name":"max_confusion_matrix_size","label":"max_confusion_matrix_size","help":"[Deprecated] Maximum size (# classes) for confusion matrices to be printed in the Logs","required":false,"type":"int","default_value":20,"actual_value":20,"input_value":20,"level":"secondary","values":[],"is_member_of_frames":[],"is_mutually_exclusive_with":[],"gridable":false},{"__meta":{"schema_version":3,"schema_name":"ModelParameterSchemaV3","schema_type":"Iced"},"name":"ntrees","label":"ntrees","help":"Number of trees.","required":false,"type":"int","default_value":50,"actual_value":94,"input_value":10000,"level":"critical","values":[],"is_member_of_frames":[],"is_mutually_exclusive_with":[],"gridable":true},{"__meta":{"schema_version":3,"schema_name":"ModelParameterSchemaV3","schema_type":"Iced"},"name":"max_depth","label":"max_depth","help":"Maximum tree depth (0 for unlimited).","required":false,"type":"int","default_value":5,"actual_value":15,"input_value":15,"level":"critical","values":[],"is_member_of_frames":[],"is_mutually_exclusive_with":[],"gridable":true},{"__meta":{"schema_version":3,"schema_name":"ModelParameterSchemaV3","schema_type":"Iced"},"name":"min_rows","label":"min_rows","help":"Fewest allowed (weighted) observations in a leaf.","required":false,"type":"double","default_value":10.0,"actual_value":100.0,"input_value":100.0,"level":"critical","values":[],"is_member_of_frames":[],"is_mutually_exclusive_with":[],"gridable":true},{"__meta":{"schema_version":3,"schema_name":"ModelParameterSchemaV3","schema_type":"Iced"},"name":"nbins","label":"nbins","help":"For numerical columns (real/int), build a histogram of (at least) this many bins, then split at the best point","required":false,"type":"int","default_value":20,"actual_value":20,"input_value":20,"level":"critical","values":[],"is_member_of_frames":[],"is_mutually_exclusive_with":[],"gridable":true},{"__meta":{"schema_version":3,"schema_name":"ModelParameterSchemaV3","schema_type":"Iced"},"name":"nbins_top_level","label":"nbins_top_level","help":"For numerical columns (real/int), build a histogram of (at most) this many bins at the root level, then decrease by factor of two per level","required":false,"type":"int","default_value":1024,"actual_value":1024,"input_value":1024,"level":"secondary","values":[],"is_member_of_frames":[],"is_mutually_exclusive_with":[],"gridable":true},{"__meta":{"schema_version":3,"schema_name":"ModelParameterSchemaV3","schema_type":"Iced"},"name":"nbins_cats","label":"nbins_cats","help":"For categorical columns (factors), build a histogram of this many bins, then split at the best point. Higher values can lead to more overfitting.","required":false,"type":"int","default_value":1024,"actual_value":1024,"input_value":1024,"level":"secondary","values":[],"is_member_of_frames":[],"is_mutually_exclusive_with":[],"gridable":true},{"__meta":{"schema_version":3,"schema_name":"ModelParameterSchemaV3","schema_type":"Iced"},"name":"r2_stopping","label":"r2_stopping","help":"r2_stopping is no longer supported and will be ignored if set - please use stopping_rounds, stopping_metric and stopping_tolerance instead. Previous version of H2O would stop making trees when the R^2 metric equals or exceeds this","required":false,"type":"double","default_value":1.7976931348623157E308,"actual_value":1.7976931348623157E308,"input_value":1.7976931348623157E308,"level":"secondary","values":[],"is_member_of_frames":[],"is_mutually_exclusive_with":[],"gridable":true},{"__meta":{"schema_version":3,"schema_name":"ModelParameterSchemaV3","schema_type":"Iced"},"name":"stopping_rounds","label":"stopping_rounds","help":"Early stopping based on convergence of stopping_metric. Stop if simple moving average of length k of the stopping_metric does not improve for k:=stopping_rounds scoring events (0 to disable)","required":false,"type":"int","default_value":0,"actual_value":0,"input_value":3,"level":"secondary","values":[],"is_member_of_frames":[],"is_mutually_exclusive_with":[],"gridable":true},{"__meta":{"schema_version":3,"schema_name":"ModelParameterSchemaV3","schema_type":"Iced"},"name":"stopping_metric","label":"stopping_metric","help":"Metric to use for early stopping (AUTO: logloss for classification, deviance for regression and anonomaly_score for Isolation Forest). Note that custom and custom_increasing can only be used in GBM and DRF with the Python client.","required":false,"type":"enum","default_value":"AUTO","actual_value":"RMSE","input_value":"RMSE","level":"secondary","values":["AUTO","deviance","logloss","MSE","RMSE","MAE","RMSLE","AUC","AUCPR","lift_top_group","misclassification","mean_per_class_error","anomaly_score","custom","custom_increasing"],"is_member_of_frames":[],"is_mutually_exclusive_with":[],"gridable":true},{"__meta":{"schema_version":3,"schema_name":"ModelParameterSchemaV3","schema_type":"Iced"},"name":"stopping_tolerance","label":"stopping_tolerance","help":"Relative tolerance for metric-based stopping criterion (stop if relative improvement is not at least this much)","required":false,"type":"double","default_value":0.001,"actual_value":0.004514960273942312,"input_value":0.004514960273942312,"level":"secondary","values":[],"is_member_of_frames":[],"is_mutually_exclusive_with":[],"gridable":true},{"__meta":{"schema_version":3,"schema_name":"ModelParameterSchemaV3","schema_type":"Iced"},"name":"max_runtime_secs","label":"max_runtime_secs","help":"Maximum allowed runtime in seconds for model training. Use 0 to disable.","required":false,"type":"double","default_value":0.0,"actual_value":73.8283349609375,"input_value":59.06266796875,"level":"secondary","values":[],"is_member_of_frames":[],"is_mutually_exclusive_with":[],"gridable":true},{"__meta":{"schema_version":3,"schema_name":"ModelParameterSchemaV3","schema_type":"Iced"},"name":"seed","label":"seed","help":"Seed for pseudo random number generator (if applicable)","required":false,"type":"long","default_value":-1,"actual_value":2,"input_value":2,"level":"critical","values":[],"is_member_of_frames":[],"is_mutually_exclusive_with":[],"gridable":true},{"__meta":{"schema_version":3,"schema_name":"ModelParameterSchemaV3","schema_type":"Iced"},"name":"build_tree_one_node","label":"build_tree_one_node","help":"Run on one node only; no network overhead but fewer cpus used. Suitable for small datasets.","required":false,"type":"boolean","default_value":false,"actual_value":false,"input_value":false,"level":"expert","values":[],"is_member_of_frames":[],"is_mutually_exclusive_with":[],"gridable":false},{"__meta":{"schema_version":3,"schema_name":"ModelParameterSchemaV3","schema_type":"Iced"},"name":"learn_rate","label":"learn_rate","help":"Learning rate (from 0.0 to 1.0)","required":false,"type":"double","default_value":0.1,"actual_value":0.1,"input_value":0.1,"level":"critical","values":[],"is_member_of_frames":[],"is_mutually_exclusive_with":[],"gridable":true},{"__meta":{"schema_version":3,"schema_name":"ModelParameterSchemaV3","schema_type":"Iced"},"name":"learn_rate_annealing","label":"learn_rate_annealing","help":"Scale the learning rate by this factor after each tree (e.g., 0.99 or 0.999) ","required":false,"type":"double","default_value":1.0,"actual_value":1.0,"input_value":1.0,"level":"secondary","values":[],"is_member_of_frames":[],"is_mutually_exclusive_with":[],"gridable":true},{"__meta":{"schema_version":3,"schema_name":"ModelParameterSchemaV3","schema_type":"Iced"},"name":"distribution","label":"distribution","help":"Distribution function","required":false,"type":"enum","default_value":"AUTO","actual_value":"multinomial","input_value":"multinomial","level":"secondary","values":["AUTO","bernoulli","quasibinomial","ordinal","multinomial","gaussian","poisson","gamma","tweedie","laplace","quantile","huber","custom"],"is_member_of_frames":[],"is_mutually_exclusive_with":[],"gridable":true},{"__meta":{"schema_version":3,"schema_name":"ModelParameterSchemaV3","schema_type":"Iced"},"name":"quantile_alpha","label":"quantile_alpha","help":"Desired quantile for Quantile regression, must be between 0 and 1.","required":false,"type":"double","default_value":0.5,"actual_value":0.5,"input_value":0.5,"level":"secondary","values":[],"is_member_of_frames":[],"is_mutually_exclusive_with":[],"gridable":true},{"__meta":{"schema_version":3,"schema_name":"ModelParameterSchemaV3","schema_type":"Iced"},"name":"tweedie_power","label":"tweedie_power","help":"Tweedie power for Tweedie regression, must be between 1 and 2.","required":false,"type":"double","default_value":1.5,"actual_value":1.5,"input_value":1.5,"level":"secondary","values":[],"is_member_of_frames":[],"is_mutually_exclusive_with":[],"gridable":true},{"__meta":{"schema_version":3,"schema_name":"ModelParameterSchemaV3","schema_type":"Iced"},"name":"huber_alpha","label":"huber_alpha","help":"Desired quantile for Huber/M-regression (threshold between quadratic and linear loss, must be between 0 and 1).","required":false,"type":"double","default_value":0.9,"actual_value":0.9,"input_value":0.9,"level":"secondary","values":[],"is_member_of_frames":[],"is_mutually_exclusive_with":[],"gridable":true},{"__meta":{"schema_version":3,"schema_name":"ModelParameterSchemaV3","schema_type":"Iced"},"name":"checkpoint","label":"checkpoint","help":"Model checkpoint to resume training with.","required":false,"type":"Key<Model>","default_value":null,"actual_value":null,"input_value":null,"level":"secondary","values":[],"is_member_of_frames":[],"is_mutually_exclusive_with":[],"gridable":false},{"__meta":{"schema_version":3,"schema_name":"ModelParameterSchemaV3","schema_type":"Iced"},"name":"sample_rate","label":"sample_rate","help":"Row sample rate per tree (from 0.0 to 1.0)","required":false,"type":"double","default_value":1.0,"actual_value":0.8,"input_value":0.8,"level":"critical","values":[],"is_member_of_frames":[],"is_mutually_exclusive_with":[],"gridable":true},{"__meta":{"schema_version":3,"schema_name":"ModelParameterSchemaV3","schema_type":"Iced"},"name":"sample_rate_per_class","label":"sample_rate_per_class","help":"A list of row sample rates per class (relative fraction for each class, from 0.0 to 1.0), for each tree","required":false,"type":"double[]","default_value":null,"actual_value":null,"input_value":null,"level":"expert","values":[],"is_member_of_frames":[],"is_mutually_exclusive_with":[],"gridable":true},{"__meta":{"schema_version":3,"schema_name":"ModelParameterSchemaV3","schema_type":"Iced"},"name":"col_sample_rate","label":"col_sample_rate","help":"Column sample rate (from 0.0 to 1.0)","required":false,"type":"double","default_value":1.0,"actual_value":0.8,"input_value":0.8,"level":"critical","values":[],"is_member_of_frames":[],"is_mutually_exclusive_with":[],"gridable":true},{"__meta":{"schema_version":3,"schema_name":"ModelParameterSchemaV3","schema_type":"Iced"},"name":"col_sample_rate_change_per_level","label":"col_sample_rate_change_per_level","help":"Relative change of the column sampling rate for every level (must be > 0.0 and <= 2.0)","required":false,"type":"double","default_value":1.0,"actual_value":1.0,"input_value":1.0,"level":"expert","values":[],"is_member_of_frames":[],"is_mutually_exclusive_with":[],"gridable":true},{"__meta":{"schema_version":3,"schema_name":"ModelParameterSchemaV3","schema_type":"Iced"},"name":"col_sample_rate_per_tree","label":"col_sample_rate_per_tree","help":"Column sample rate per tree (from 0.0 to 1.0)","required":false,"type":"double","default_value":1.0,"actual_value":0.8,"input_value":0.8,"level":"secondary","values":[],"is_member_of_frames":[],"is_mutually_exclusive_with":[],"gridable":true},{"__meta":{"schema_version":3,"schema_name":"ModelParameterSchemaV3","schema_type":"Iced"},"name":"min_split_improvement","label":"min_split_improvement","help":"Minimum relative improvement in squared error reduction for a split to happen","required":false,"type":"double","default_value":1.0E-5,"actual_value":1.0E-5,"input_value":1.0E-5,"level":"secondary","values":[],"is_member_of_frames":[],"is_mutually_exclusive_with":[],"gridable":true},{"__meta":{"schema_version":3,"schema_name":"ModelParameterSchemaV3","schema_type":"Iced"},"name":"histogram_type","label":"histogram_type","help":"What type of histogram to use for finding optimal split points","required":false,"type":"enum","default_value":"AUTO","actual_value":"UniformAdaptive","input_value":"AUTO","level":"secondary","values":["AUTO","UniformAdaptive","Random","QuantilesGlobal","RoundRobin","UniformRobust"],"is_member_of_frames":[],"is_mutually_exclusive_with":[],"gridable":true},{"__meta":{"schema_version":3,"schema_name":"ModelParameterSchemaV3","schema_type":"Iced"},"name":"max_abs_leafnode_pred","label":"max_abs_leafnode_pred","help":"Maximum absolute value of a leaf node prediction","required":false,"type":"double","default_value":1.7976931348623157E308,"actual_value":1.7976931348623157E308,"input_value":1.7976931348623157E308,"level":"expert","values":[],"is_member_of_frames":[],"is_mutually_exclusive_with":[],"gridable":true},{"__meta":{"schema_version":3,"schema_name":"ModelParameterSchemaV3","schema_type":"Iced"},"name":"pred_noise_bandwidth","label":"pred_noise_bandwidth","help":"Bandwidth (sigma) of Gaussian multiplicative noise ~N(1,sigma) for tree node predictions","required":false,"type":"double","default_value":0.0,"actual_value":0.0,"input_value":0.0,"level":"expert","values":[],"is_member_of_frames":[],"is_mutually_exclusive_with":[],"gridable":true},{"__meta":{"schema_version":3,"schema_name":"ModelParameterSchemaV3","schema_type":"Iced"},"name":"categorical_encoding","label":"categorical_encoding","help":"Encoding scheme for categorical features","required":false,"type":"enum","default_value":"AUTO","actual_value":"Enum","input_value":"AUTO","level":"secondary","values":["AUTO","Enum","OneHotInternal","OneHotExplicit","Binary","Eigen","LabelEncoder","SortByResponse","EnumLimited"],"is_member_of_frames":[],"is_mutually_exclusive_with":[],"gridable":true},{"__meta":{"schema_version":3,"schema_name":"ModelParameterSchemaV3","schema_type":"Iced"},"name":"calibrate_model","label":"calibrate_model","help":"Use Platt Scaling to calculate calibrated class probabilities. Calibration can provide more accurate estimates of class probabilities.","required":false,"type":"boolean","default_value":false,"actual_value":false,"input_value":false,"level":"expert","values":[],"is_member_of_frames":[],"is_mutually_exclusive_with":[],"gridable":false},{"__meta":{"schema_version":3,"schema_name":"ModelParameterSchemaV3","schema_type":"Iced"},"name":"calibration_frame","label":"calibration_frame","help":"Calibration frame for Platt Scaling","required":false,"type":"Key<Frame>","default_value":null,"actual_value":null,"input_value":null,"level":"expert","values":[],"is_member_of_frames":[],"is_mutually_exclusive_with":[],"gridable":false},{"__meta":{"schema_version":3,"schema_name":"ModelParameterSchemaV3","schema_type":"Iced"},"name":"custom_metric_func","label":"custom_metric_func","help":"Reference to custom evaluation function, format: `language:keyName=funcName`","required":false,"type":"string","default_value":null,"actual_value":null,"input_value":null,"level":"secondary","values":[],"is_member_of_frames":[],"is_mutually_exclusive_with":[],"gridable":false},{"__meta":{"schema_version":3,"schema_name":"ModelParameterSchemaV3","schema_type":"Iced"},"name":"custom_distribution_func","label":"custom_distribution_func","help":"Reference to custom distribution, format: `language:keyName=funcName`","required":false,"type":"string","default_value":null,"actual_value":null,"input_value":null,"level":"secondary","values":[],"is_member_of_frames":[],"is_mutually_exclusive_with":[],"gridable":false},{"__meta":{"schema_version":3,"schema_name":"ModelParameterSchemaV3","schema_type":"Iced"},"name":"export_checkpoints_dir","label":"export_checkpoints_dir","help":"Automatically export generated models to this directory.","required":false,"type":"string","default_value":null,"actual_value":null,"input_value":null,"level":"secondary","values":[],"is_member_of_frames":[],"is_mutually_exclusive_with":[],"gridable":false},{"__meta":{"schema_version":3,"schema_name":"ModelParameterSchemaV3","schema_type":"Iced"},"name":"monotone_constraints","label":"monotone_constraints","help":"A mapping representing monotonic constraints. Use +1 to enforce an increasing constraint and -1 to specify a decreasing constraint.","required":false,"type":"KeyValue[]","default_value":null,"actual_value":null,"input_value":null,"level":"secondary","values":[],"is_member_of_frames":[],"is_mutually_exclusive_with":[],"gridable":false},{"__meta":{"schema_version":3,"schema_name":"ModelParameterSchemaV3","schema_type":"Iced"},"name":"check_constant_response","label":"check_constant_response","help":"Check if response column is constant. If enabled, then an exception is thrown if the response column is a constant value.If disabled, then model will train regardless of the response column being a constant value or not.","required":false,"type":"boolean","default_value":true,"actual_value":true,"input_value":true,"level":"expert","values":[],"is_member_of_frames":[],"is_mutually_exclusive_with":[],"gridable":false},{"__meta":{"schema_version":3,"schema_name":"ModelParameterSchemaV3","schema_type":"Iced"},"name":"gainslift_bins","label":"gainslift_bins","help":"Gains/Lift table number of bins. 0 means disabled.. Default value -1 means automatic binning.","required":false,"type":"int","default_value":-1,"actual_value":-1,"input_value":-1,"level":"secondary","values":[],"is_member_of_frames":[],"is_mutually_exclusive_with":[],"gridable":false},{"__meta":{"schema_version":3,"schema_name":"ModelParameterSchemaV3","schema_type":"Iced"},"name":"auc_type","label":"auc_type","help":"Set default multinomial AUC type.","required":false,"type":"enum","default_value":"AUTO","actual_value":"AUTO","input_value":"AUTO","level":"secondary","values":["AUTO","NONE","MACRO_OVR","WEIGHTED_OVR","MACRO_OVO","WEIGHTED_OVO"],"is_member_of_frames":[],"is_mutually_exclusive_with":[],"gridable":true},{"__meta":{"schema_version":3,"schema_name":"ModelParameterSchemaV3","schema_type":"Iced"},"name":"interaction_constraints","label":"interaction_constraints","help":"A set of allowed column interactions.","required":false,"type":"string[][]","default_value":null,"actual_value":null,"input_value":null,"level":"expert","values":[],"is_member_of_frames":[],"is_mutually_exclusive_with":[],"gridable":false}],"output":{"__meta":{"schema_version":3,"schema_name":"GBMModelOutputV3","schema_type":"GBMOutput"},"names":["department","region","education","gender","recruitment_channel","kpis_met_80","no_of_trainings","previous_year_rating","age","length_of_service","avg_training_score","cluster"],"original_names":null,"column_types":["Enum","Enum","Enum","Enum","Enum","Enum","Numeric","Numeric","Numeric","Numeric","Numeric","Enum"],"domains":[["Analytics","Finance","HR","Legal","Operations","Procurement","R&D","Sales & Marketing","Technology"],["region_1","region_10","region_11","region_12","region_13","region_14","region_15","region_16","region_17","region_18","region_19","region_2","region_20","region_21","region_22","region_23","region_24","region_25","region_26","region_27","region_28","region_29","region_3","region_30","region_31","region_32","region_33","region_34","region_4","region_5","region_6","region_7","region_8","region_9"],["Bachelor's","Below Secondary","Master's & above","Missing"],["f","m"],["other","referred","sourcing"],["0","1"],null,null,null,null,null,["0","1","2","3","4","5"]],"cross_validation_models":null,"cross_validation_predictions":[{"__meta":{"schema_version":3,"schema_name":"FrameKeyV3","schema_type":"Key<Frame>"},"name":"prediction_GBM_1_AutoML_1_20221122_222405_cv_1","type":"Key<Frame>","URL":"/3/Frames/prediction_GBM_1_AutoML_1_20221122_222405_cv_1"},{"__meta":{"schema_version":3,"schema_name":"FrameKeyV3","schema_type":"Key<Frame>"},"name":"prediction_GBM_1_AutoML_1_20221122_222405_cv_2","type":"Key<Frame>","URL":"/3/Frames/prediction_GBM_1_AutoML_1_20221122_222405_cv_2"},{"__meta":{"schema_version":3,"schema_name":"FrameKeyV3","schema_type":"Key<Frame>"},"name":"prediction_GBM_1_AutoML_1_20221122_222405_cv_3","type":"Key<Frame>","URL":"/3/Frames/prediction_GBM_1_AutoML_1_20221122_222405_cv_3"},{"__meta":{"schema_version":3,"schema_name":"FrameKeyV3","schema_type":"Key<Frame>"},"name":"prediction_GBM_1_AutoML_1_20221122_222405_cv_4","type":"Key<Frame>","URL":"/3/Frames/prediction_GBM_1_AutoML_1_20221122_222405_cv_4"},{"__meta":{"schema_version":3,"schema_name":"FrameKeyV3","schema_type":"Key<Frame>"},"name":"prediction_GBM_1_AutoML_1_20221122_222405_cv_5","type":"Key<Frame>","URL":"/3/Frames/prediction_GBM_1_AutoML_1_20221122_222405_cv_5"}],"cross_validation_holdout_predictions_frame_id":{"__meta":{"schema_version":3,"schema_name":"FrameKeyV3","schema_type":"Key<Frame>"},"name":"cv_holdout_prediction_GBM_1_AutoML_1_20221122_222405","type":"Key<Frame>","URL":"/3/Frames/cv_holdout_prediction_GBM_1_AutoML_1_20221122_222405"},"cross_validation_fold_assignment_frame_id":null,"model_category":"Multinomial","model_summary":{"__meta":{"schema_version":3,"schema_name":"TwoDimTableV3","schema_type":"TwoDimTable"},"name":"Model Summary","description":"","columns":[{"__meta":{"schema_version":-1,"schema_name":"ColumnSpecsBase","schema_type":"Iced"},"name":"","type":"string","format":"%s","description":""},{"__meta":{"schema_version":-1,"schema_name":"ColumnSpecsBase","schema_type":"Iced"},"name":"number_of_trees","type":"long","format":"%d","description":"Number of Trees"},{"__meta":{"schema_version":-1,"schema_name":"ColumnSpecsBase","schema_type":"Iced"},"name":"number_of_internal_trees","type":"long","format":"%d","description":"Number of Internal Trees"},{"__meta":{"schema_version":-1,"schema_name":"ColumnSpecsBase","schema_type":"Iced"},"name":"model_size_in_bytes","type":"long","format":"%d","description":"Model Size in Bytes"},{"__meta":{"schema_version":-1,"schema_name":"ColumnSpecsBase","schema_type":"Iced"},"name":"min_depth","type":"long","format":"%d","description":"Min. Depth"},{"__meta":{"schema_version":-1,"schema_name":"ColumnSpecsBase","schema_type":"Iced"},"name":"max_depth","type":"long","format":"%d","description":"Max. Depth"},{"__meta":{"schema_version":-1,"schema_name":"ColumnSpecsBase","schema_type":"Iced"},"name":"mean_depth","type":"double","format":"%.5f","description":"Mean Depth"},{"__meta":{"schema_version":-1,"schema_name":"ColumnSpecsBase","schema_type":"Iced"},"name":"min_leaves","type":"long","format":"%d","description":"Min. Leaves"},{"__meta":{"schema_version":-1,"schema_name":"ColumnSpecsBase","schema_type":"Iced"},"name":"max_leaves","type":"long","format":"%d","description":"Max. Leaves"},{"__meta":{"schema_version":-1,"schema_name":"ColumnSpecsBase","schema_type":"Iced"},"name":"mean_leaves","type":"double","format":"%.5f","description":"Mean Leaves"}],"rowcount":1,"data":[[""],[94],[564],[2193502],[13],[15],[14.8953905],[82],[302],[273.31027]]},"scoring_history":{"__meta":{"schema_version":3,"schema_name":"TwoDimTableV3","schema_type":"TwoDimTable"},"name":"Scoring History","description":"","columns":[{"__meta":{"schema_version":-1,"schema_name":"ColumnSpecsBase","schema_type":"Iced"},"name":"","type":"string","format":"%s","description":""},{"__meta":{"schema_version":-1,"schema_name":"ColumnSpecsBase","schema_type":"Iced"},"name":"timestamp","type":"string","format":"%s","description":"Timestamp"},{"__meta":{"schema_version":-1,"schema_name":"ColumnSpecsBase","schema_type":"Iced"},"name":"duration","type":"string","format":"%s","description":"Duration"},{"__meta":{"schema_version":-1,"schema_name":"ColumnSpecsBase","schema_type":"Iced"},"name":"number_of_trees","type":"long","format":"%d","description":"Number of Trees"},{"__meta":{"schema_version":-1,"schema_name":"ColumnSpecsBase","schema_type":"Iced"},"name":"training_rmse","type":"double","format":"%.5f","description":"Training RMSE"},{"__meta":{"schema_version":-1,"schema_name":"ColumnSpecsBase","schema_type":"Iced"},"name":"training_logloss","type":"double","format":"%.5f","description":"Training LogLoss"},{"__meta":{"schema_version":-1,"schema_name":"ColumnSpecsBase","schema_type":"Iced"},"name":"training_classification_error","type":"double","format":"%.5f","description":"Training Classification Error"},{"__meta":{"schema_version":-1,"schema_name":"ColumnSpecsBase","schema_type":"Iced"},"name":"training_auc","type":"double","format":"%.5f","description":"Training AUC"},{"__meta":{"schema_version":-1,"schema_name":"ColumnSpecsBase","schema_type":"Iced"},"name":"training_pr_auc","type":"double","format":"%.5f","description":"Training pr_auc"},{"__meta":{"schema_version":-1,"schema_name":"ColumnSpecsBase","schema_type":"Iced"},"name":"validation_rmse","type":"double","format":"%.5f","description":"Validation RMSE"},{"__meta":{"schema_version":-1,"schema_name":"ColumnSpecsBase","schema_type":"Iced"},"name":"validation_logloss","type":"double","format":"%.5f","description":"Validation LogLoss"},{"__meta":{"schema_version":-1,"schema_name":"ColumnSpecsBase","schema_type":"Iced"},"name":"validation_classification_error","type":"double","format":"%.5f","description":"Validation Classification Error"},{"__meta":{"schema_version":-1,"schema_name":"ColumnSpecsBase","schema_type":"Iced"},"name":"validation_auc","type":"double","format":"%.5f","description":"Validation AUC"},{"__meta":{"schema_version":-1,"schema_name":"ColumnSpecsBase","schema_type":"Iced"},"name":"validation_pr_auc","type":"double","format":"%.5f","description":"Validation pr_auc"}],"rowcount":20,"data":[["","","","","","","","","","","","","","","","","","","",""],["2022-11-22 22:25:17","2022-11-22 22:25:18","2022-11-22 22:25:18","2022-11-22 22:25:19","2022-11-22 22:25:19","2022-11-22 22:25:19","2022-11-22 22:25:20","2022-11-22 22:25:20","2022-11-22 22:25:20","2022-11-22 22:25:21","2022-11-22 22:25:21","2022-11-22 22:25:21","2022-11-22 22:25:22","2022-11-22 22:25:22","2022-11-22 22:25:22","2022-11-22 22:25:23","2022-11-22 22:25:23","2022-11-22 22:25:23","2022-11-22 22:25:24","2022-11-22 22:25:24"],["40.628 sec","41.117 sec","41.459 sec","41.790 sec","42.118 sec","42.448 sec","42.793 sec","43.107 sec","43.439 sec","43.765 sec","44.095 sec","44.424 sec","44.752 sec","45.098 sec","45.428 sec","45.756 sec","46.096 sec","46.430 sec","46.761 sec","47.042 sec"],[0,5,10,15,20,25,30,35,40,45,50,55,60,65,70,75,80,85,90,94],[0.8333333333332968,0.515285598365868,0.30901119220119316,0.19631435747404496,0.11385843313284162,0.07476854190732221,0.050658656339641096,0.034403985897871706,0.02642923003689945,0.021100961983304876,0.017309969776363853,0.014134194668081756,0.011712862627679914,0.009697489506144666,0.008394190346335444,0.006280139326327645,0.004921371995618461,0.0038963482807909816,0.0029406919350268295,0.0023980059321820073],[1.7917594692280547,0.7259403365298118,0.36204967848255437,0.20272655107598594,0.10578954296413122,0.06413046256285145,0.03830238597185423,0.0209662832210135,0.011737029249347936,0.007710925083299762,0.004885094349990027,0.0031704262913942833,0.002005960298992388,0.0013118572623626182,8.474881365657857E-4,5.895521100037531E-4,4.36530950209062E-4,3.10823572970281E-4,2.2242529271847243E-4,1.703832691084843E-4],[0.827421722113503,0.003913894324853229,0.001488095238095238,0.0013454011741682974,9.784735812133072E-4,6.930854533594259E-4,6.727005870841487E-4,6.11545988258317E-4,5.707762557077625E-4,3.4654272667971296E-4,3.057729941291585E-4,1.834637964774951E-4,1.223091976516634E-4,2.0384866275277233E-5,2.0384866275277233E-5,0.0,0.0,0.0,0.0,0.0],["NaN","NaN","NaN","NaN","NaN","NaN","NaN","NaN","NaN","NaN","NaN","NaN","NaN","NaN","NaN","NaN","NaN","NaN","NaN","NaN"],["NaN","NaN","NaN","NaN","NaN","NaN","NaN","NaN","NaN","NaN","NaN","NaN","NaN","NaN","NaN","NaN","NaN","NaN","NaN","NaN"],[0.8333333333332964,0.5193556616847492,0.31540204693120316,0.20571822622098282,0.12284875573606925,0.08355548735352361,0.05940480490888504,0.042664416442691915,0.03551243109131348,0.03206171648948924,0.029939958339958744,0.02876935768442136,0.028004065159269904,0.026511058257164898,0.025924922647572724,0.025556879367138092,0.0250815751026581,0.0249979800496185,0.024640837088361105,0.023890641640091487],[1.7917594692280547,0.7346525696127842,0.3708086392109055,0.2125176647576308,0.1129438871789395,0.06988558156739653,0.042934174787192574,0.024223801055682927,0.014321433677903242,0.010152590370784434,0.007119399961397227,0.005293348282163884,0.004068299588420093,0.003180825909451964,0.0026635362088818612,0.002486346870668,0.0022582995865545914,0.0021489562753634213,0.0020331640433208257,0.0019379531100200314],[0.8227984873041599,0.0055825679812713845,0.0021609940572663426,0.0025211597334773997,0.0016207455429497568,0.0014406627048442284,0.0014406627048442284,0.0014406627048442284,0.0014406627048442284,0.0010804970286331713,0.0010804970286331713,0.0010804970286331713,9.004141905276427E-4,9.004141905276427E-4,9.004141905276427E-4,9.004141905276427E-4,9.004141905276427E-4,9.004141905276427E-4,9.004141905276427E-4,9.004141905276427E-4],["NaN","NaN","NaN","NaN","NaN","NaN","NaN","NaN","NaN","NaN","NaN","NaN","NaN","NaN","NaN","NaN","NaN","NaN","NaN","NaN"],["NaN","NaN","NaN","NaN","NaN","NaN","NaN","NaN","NaN","NaN","NaN","NaN","NaN","NaN","NaN","NaN","NaN","NaN","NaN","NaN"]]},"cv_scoring_history":[{"__meta":{"schema_version":3,"schema_name":"TwoDimTableV3","schema_type":"TwoDimTable"},"name":"Scoring History","description":"","columns":[{"__meta":{"schema_version":-1,"schema_name":"ColumnSpecsBase","schema_type":"Iced"},"name":"","type":"string","format":"%s","description":""},{"__meta":{"schema_version":-1,"schema_name":"ColumnSpecsBase","schema_type":"Iced"},"name":"timestamp","type":"string","format":"%s","description":"Timestamp"},{"__meta":{"schema_version":-1,"schema_name":"ColumnSpecsBase","schema_type":"Iced"},"name":"duration","type":"string","format":"%s","description":"Duration"},{"__meta":{"schema_version":-1,"schema_name":"ColumnSpecsBase","schema_type":"Iced"},"name":"number_of_trees","type":"long","format":"%d","description":"Number of Trees"},{"__meta":{"schema_version":-1,"schema_name":"ColumnSpecsBase","schema_type":"Iced"},"name":"training_rmse","type":"double","format":"%.5f","description":"Training RMSE"},{"__meta":{"schema_version":-1,"schema_name":"ColumnSpecsBase","schema_type":"Iced"},"name":"training_logloss","type":"double","format":"%.5f","description":"Training LogLoss"},{"__meta":{"schema_version":-1,"schema_name":"ColumnSpecsBase","schema_type":"Iced"},"name":"training_classification_error","type":"double","format":"%.5f","description":"Training Classification Error"},{"__meta":{"schema_version":-1,"schema_name":"ColumnSpecsBase","schema_type":"Iced"},"name":"training_auc","type":"double","format":"%.5f","description":"Training AUC"},{"__meta":{"schema_version":-1,"schema_name":"ColumnSpecsBase","schema_type":"Iced"},"name":"training_pr_auc","type":"double","format":"%.5f","description":"Training pr_auc"},{"__meta":{"schema_version":-1,"schema_name":"ColumnSpecsBase","schema_type":"Iced"},"name":"validation_rmse","type":"double","format":"%.5f","description":"Validation RMSE"},{"__meta":{"schema_version":-1,"schema_name":"ColumnSpecsBase","schema_type":"Iced"},"name":"validation_logloss","type":"double","format":"%.5f","description":"Validation LogLoss"},{"__meta":{"schema_version":-1,"schema_name":"ColumnSpecsBase","schema_type":"Iced"},"name":"validation_classification_error","type":"double","format":"%.5f","description":"Validation Classification Error"},{"__meta":{"schema_version":-1,"schema_name":"ColumnSpecsBase","schema_type":"Iced"},"name":"validation_auc","type":"double","format":"%.5f","description":"Validation AUC"},{"__meta":{"schema_version":-1,"schema_name":"ColumnSpecsBase","schema_type":"Iced"},"name":"validation_pr_auc","type":"double","format":"%.5f","description":"Validation pr_auc"}],"rowcount":24,"data":[["","","","","","","","","","","","","","","","","","","","","","","",""],["2022-11-22 22:24:37","2022-11-22 22:24:40","2022-11-22 22:24:41","2022-11-22 22:24:42","2022-11-22 22:24:44","2022-11-22 22:24:45","2022-11-22 22:24:47","2022-11-22 22:24:48","2022-11-22 22:24:49","2022-11-22 22:24:51","2022-11-22 22:24:52","2022-11-22 22:24:54","2022-11-22 22:24:55","2022-11-22 22:24:56","2022-11-22 22:24:58","2022-11-22 22:24:59","2022-11-22 22:25:00","2022-11-22 22:25:02","2022-11-22 22:25:03","2022-11-22 22:25:04","2022-11-22 22:25:05","2022-11-22 22:25:05","2022-11-22 22:25:06","2022-11-22 22:25:06"],[" 0.250 sec"," 2.778 sec"," 4.191 sec"," 5.620 sec"," 7.016 sec"," 8.491 sec"," 9.800 sec","11.152 sec","12.508 sec","13.890 sec","15.319 sec","16.728 sec","18.113 sec","19.484 sec","20.795 sec","22.147 sec","23.502 sec","24.896 sec","26.024 sec","27.051 sec","27.825 sec","28.493 sec","29.161 sec","29.636 sec"],[0,5,10,15,20,25,30,35,40,45,50,55,60,65,70,75,80,85,90,95,100,105,110,113],[0.8333333333333031,0.51592820750436,0.30997430524729447,0.19732692701531548,0.11476547878808813,0.07546128314678248,0.051020180830650706,0.03476261977414671,0.02667606578176826,0.02156215803417273,0.017548939776816663,0.01477297662597139,0.012050066414754484,0.009845490592633711,0.008299753029698816,0.006213448275229502,0.005007158126154952,0.0038724337145283447,0.0029902873584178686,0.0022018855904148192,0.0017813772891064903,0.001339584811904335,0.0011215046093207314,0.001015318997656423],[1.7917594692280547,0.7273471826136285,0.36342915922638447,0.2039083953626918,0.10656499963774231,0.06462418657192034,0.03860001168835478,0.021218895146114802,0.0119193805927457,0.007845691790518331,0.0049384180646186255,0.0032378070547917403,0.002036009689479187,0.0013265433082025038,8.366408825604012E-4,5.871965990234148E-4,4.394860573747938E-4,3.0943079098045786E-4,2.2331856178346447E-4,1.5816193768381206E-4,1.1670143203043433E-4,8.504011043223891E-5,6.336041077510043E-5,5.3615807570462584E-5],[0.8272856997247987,0.004026093160737947,0.001528896136989094,0.0015034145347059423,9.683008867597594E-4,7.134848639282438E-4,6.370400570787891E-4,6.370400570787891E-4,5.86076852512486E-4,4.331872388135766E-4,3.3126082968097035E-4,2.802976251146672E-4,1.528896136989094E-4,2.5481602283151563E-5,2.5481602283151563E-5,0.0,0.0,0.0,0.0,0.0,0.0,0.0,0.0,0.0],["NaN","NaN","NaN","NaN","NaN","NaN","NaN","NaN","NaN","NaN","NaN","NaN","NaN","NaN","NaN","NaN","NaN","NaN","NaN","NaN","NaN","NaN","NaN","NaN"],["NaN","NaN","NaN","NaN","NaN","NaN","NaN","NaN","NaN","NaN","NaN","NaN","NaN","NaN","NaN","NaN","NaN","NaN","NaN","NaN","NaN","NaN","NaN","NaN"],[0.8333333333332885,0.5184248092454997,0.3147051046819873,0.20463801707015175,0.12306141639015658,0.08390320182869901,0.06109201346430421,0.04503770782333559,0.0384466800411253,0.03590288781538024,0.033320669128607,0.03190189619457761,0.030965044366146516,0.030123923814586402,0.03019006064018829,0.030189420224386653,0.029915711411099596,0.02970841095474575,0.029248601145748922,0.029206769805983582,0.02926243984215525,0.029058772274304832,0.029258130415126163,0.029418234190022194],[1.791759469228055,0.7329076864830447,0.3698419855527441,0.21106010672853528,0.11251608915618787,0.06966623949646936,0.043188509774083415,0.02479629999931824,0.014963479285875032,0.010885349066822233,0.007750719198925449,0.005924370282210176,0.004670793221358783,0.003935937606736556,0.003547748030094168,0.0034818280575439073,0.0033854916580899888,0.003280376980235121,0.003225783411367499,0.0032781722844621893,0.0033205600293790666,0.0032835817375557763,0.003390343365520686,0.0034900040548251064],[0.8274561761108846,0.005401549123522218,0.0019364044027721159,0.0021402364451691804,0.0016306563391765185,0.001732572360375051,0.0014268242967794538,0.0015287403179779862,0.0015287403179779862,0.0014268242967794538,0.0012229922543823889,0.0012229922543823889,0.0011210762331838565,9.172441907867916E-4,0.0010191602119853241,0.0011210762331838565,0.0010191602119853241,0.0010191602119853241,0.0010191602119853241,9.172441907867916E-4,9.172441907867916E-4,9.172441907867916E-4,9.172441907867916E-4,0.0010191602119853241],["NaN","NaN","NaN","NaN","NaN","NaN","NaN","NaN","NaN","NaN","NaN","NaN","NaN","NaN","NaN","NaN","NaN","NaN","NaN","NaN","NaN","NaN","NaN","NaN"],["NaN","NaN","NaN","NaN","NaN","NaN","NaN","NaN","NaN","NaN","NaN","NaN","NaN","NaN","NaN","NaN","NaN","NaN","NaN","NaN","NaN","NaN","NaN","NaN"]]},{"__meta":{"schema_version":3,"schema_name":"TwoDimTableV3","schema_type":"TwoDimTable"},"name":"Scoring History","description":"","columns":[{"__meta":{"schema_version":-1,"schema_name":"ColumnSpecsBase","schema_type":"Iced"},"name":"","type":"string","format":"%s","description":""},{"__meta":{"schema_version":-1,"schema_name":"ColumnSpecsBase","schema_type":"Iced"},"name":"timestamp","type":"string","format":"%s","description":"Timestamp"},{"__meta":{"schema_version":-1,"schema_name":"ColumnSpecsBase","schema_type":"Iced"},"name":"duration","type":"string","format":"%s","description":"Duration"},{"__meta":{"schema_version":-1,"schema_name":"ColumnSpecsBase","schema_type":"Iced"},"name":"number_of_trees","type":"long","format":"%d","description":"Number of Trees"},{"__meta":{"schema_version":-1,"schema_name":"ColumnSpecsBase","schema_type":"Iced"},"name":"training_rmse","type":"double","format":"%.5f","description":"Training RMSE"},{"__meta":{"schema_version":-1,"schema_name":"ColumnSpecsBase","schema_type":"Iced"},"name":"training_logloss","type":"double","format":"%.5f","description":"Training LogLoss"},{"__meta":{"schema_version":-1,"schema_name":"ColumnSpecsBase","schema_type":"Iced"},"name":"training_classification_error","type":"double","format":"%.5f","description":"Training Classification Error"},{"__meta":{"schema_version":-1,"schema_name":"ColumnSpecsBase","schema_type":"Iced"},"name":"training_auc","type":"double","format":"%.5f","description":"Training AUC"},{"__meta":{"schema_version":-1,"schema_name":"ColumnSpecsBase","schema_type":"Iced"},"name":"training_pr_auc","type":"double","format":"%.5f","description":"Training pr_auc"},{"__meta":{"schema_version":-1,"schema_name":"ColumnSpecsBase","schema_type":"Iced"},"name":"validation_rmse","type":"double","format":"%.5f","description":"Validation RMSE"},{"__meta":{"schema_version":-1,"schema_name":"ColumnSpecsBase","schema_type":"Iced"},"name":"validation_logloss","type":"double","format":"%.5f","description":"Validation LogLoss"},{"__meta":{"schema_version":-1,"schema_name":"ColumnSpecsBase","schema_type":"Iced"},"name":"validation_classification_error","type":"double","format":"%.5f","description":"Validation Classification Error"},{"__meta":{"schema_version":-1,"schema_name":"ColumnSpecsBase","schema_type":"Iced"},"name":"validation_auc","type":"double","format":"%.5f","description":"Validation AUC"},{"__meta":{"schema_version":-1,"schema_name":"ColumnSpecsBase","schema_type":"Iced"},"name":"validation_pr_auc","type":"double","format":"%.5f","description":"Validation pr_auc"}],"rowcount":19,"data":[["","","","","","","","","","","","","","","","","","",""],["2022-11-22 22:24:37","2022-11-22 22:24:40","2022-11-22 22:24:41","2022-11-22 22:24:42","2022-11-22 22:24:44","2022-11-22 22:24:45","2022-11-22 22:24:46","2022-11-22 22:24:48","2022-11-22 22:24:49","2022-11-22 22:24:50","2022-11-22 22:24:51","2022-11-22 22:24:53","2022-11-22 22:24:54","2022-11-22 22:24:55","2022-11-22 22:24:57","2022-11-22 22:24:58","2022-11-22 22:25:00","2022-11-22 22:25:01","2022-11-22 22:25:02"],[" 0.250 sec"," 2.715 sec"," 4.154 sec"," 5.499 sec"," 6.827 sec"," 8.066 sec"," 9.403 sec","10.730 sec","11.973 sec","13.243 sec","14.533 sec","15.840 sec","17.170 sec","18.525 sec","19.927 sec","21.320 sec","22.723 sec","24.086 sec","25.461 sec"],[0,5,10,15,20,25,30,35,40,45,50,55,60,65,70,75,80,85,90],[0.8333333333333031,0.5161160467134936,0.31016432474750477,0.1978112447240482,0.11533467358058032,0.07615700181266669,0.051866459536894824,0.03579602062977746,0.027715666941270853,0.022293198544189135,0.018241043256694105,0.015037187373243286,0.012322774012936969,0.009945305906656755,0.008414838458974576,0.006417613571157272,0.005097233008094951,0.004155830763421046,0.0032371718475565302],[1.7917594692280547,0.7278084026923372,0.36363886459260286,0.20432868546728244,0.10688924788176385,0.06492916574231379,0.038859129095057905,0.02141906408555768,0.012101959453369528,0.007990814220665821,0.00509312918304729,0.003347991667500595,0.0021309970685155022,0.0013923733686279094,8.961919698664093E-4,6.283959192239332E-4,4.671936415643282E-4,3.3820218306235473E-4,2.453844485895143E-4],[0.8271372149318384,0.004637533443750797,0.0014778952732832208,0.001452414320295579,0.0010192381195056695,8.153904956045356E-4,6.625047776786852E-4,7.134666836539687E-4,6.370238246910434E-4,4.586571537775513E-4,3.312523888393426E-4,2.2932857688877565E-4,1.2740476493820868E-4,0.0,0.0,0.0,0.0,0.0,0.0],["NaN","NaN","NaN","NaN","NaN","NaN","NaN","NaN","NaN","NaN","NaN","NaN","NaN","NaN","NaN","NaN","NaN","NaN","NaN"],["NaN","NaN","NaN","NaN","NaN","NaN","NaN","NaN","NaN","NaN","NaN","NaN","NaN","NaN","NaN","NaN","NaN","NaN","NaN"],[0.8333333333332885,0.5185187565873876,0.3146443768950884,0.20368513058609863,0.12079786663891015,0.08075229978621655,0.05609807402200089,0.03800702527588124,0.030073160449204123,0.027330774308562972,0.02482874431770154,0.023610505928708864,0.02295749411370875,0.023134776386714493,0.02283613593687798,0.022683728131422512,0.02293467924550719,0.02299296782785679,0.023003232722508885],[1.7917594692280547,0.7329895671062564,0.3697762123752715,0.21037247282124066,0.11123734877165442,0.06829125578740175,0.041642055778033954,0.02308554966021852,0.01335240856349308,0.009453290632074085,0.006453535981016318,0.00472911307830031,0.0035429890761679403,0.0029736488895598366,0.002474688908305572,0.0023515841038718164,0.002292786470448032,0.00224628286908264,0.0022298591385679733],[0.8285597798389562,0.004790541229232494,0.0017327489552543063,0.002038528182652125,8.1541127306085E-4,6.115584547956376E-4,6.115584547956376E-4,6.115584547956376E-4,6.115584547956376E-4,6.115584547956376E-4,6.115584547956376E-4,6.115584547956376E-4,5.096320456630313E-4,5.096320456630313E-4,6.115584547956376E-4,5.096320456630313E-4,7.134848639282438E-4,6.115584547956376E-4,7.134848639282438E-4],["NaN","NaN","NaN","NaN","NaN","NaN","NaN","NaN","NaN","NaN","NaN","NaN","NaN","NaN","NaN","NaN","NaN","NaN","NaN"],["NaN","NaN","NaN","NaN","NaN","NaN","NaN","NaN","NaN","NaN","NaN","NaN","NaN","NaN","NaN","NaN","NaN","NaN","NaN"]]},{"__meta":{"schema_version":3,"schema_name":"TwoDimTableV3","schema_type":"TwoDimTable"},"name":"Scoring History","description":"","columns":[{"__meta":{"schema_version":-1,"schema_name":"ColumnSpecsBase","schema_type":"Iced"},"name":"","type":"string","format":"%s","description":""},{"__meta":{"schema_version":-1,"schema_name":"ColumnSpecsBase","schema_type":"Iced"},"name":"timestamp","type":"string","format":"%s","description":"Timestamp"},{"__meta":{"schema_version":-1,"schema_name":"ColumnSpecsBase","schema_type":"Iced"},"name":"duration","type":"string","format":"%s","description":"Duration"},{"__meta":{"schema_version":-1,"schema_name":"ColumnSpecsBase","schema_type":"Iced"},"name":"number_of_trees","type":"long","format":"%d","description":"Number of Trees"},{"__meta":{"schema_version":-1,"schema_name":"ColumnSpecsBase","schema_type":"Iced"},"name":"training_rmse","type":"double","format":"%.5f","description":"Training RMSE"},{"__meta":{"schema_version":-1,"schema_name":"ColumnSpecsBase","schema_type":"Iced"},"name":"training_logloss","type":"double","format":"%.5f","description":"Training LogLoss"},{"__meta":{"schema_version":-1,"schema_name":"ColumnSpecsBase","schema_type":"Iced"},"name":"training_classification_error","type":"double","format":"%.5f","description":"Training Classification Error"},{"__meta":{"schema_version":-1,"schema_name":"ColumnSpecsBase","schema_type":"Iced"},"name":"training_auc","type":"double","format":"%.5f","description":"Training AUC"},{"__meta":{"schema_version":-1,"schema_name":"ColumnSpecsBase","schema_type":"Iced"},"name":"training_pr_auc","type":"double","format":"%.5f","description":"Training pr_auc"},{"__meta":{"schema_version":-1,"schema_name":"ColumnSpecsBase","schema_type":"Iced"},"name":"validation_rmse","type":"double","format":"%.5f","description":"Validation RMSE"},{"__meta":{"schema_version":-1,"schema_name":"ColumnSpecsBase","schema_type":"Iced"},"name":"validation_logloss","type":"double","format":"%.5f","description":"Validation LogLoss"},{"__meta":{"schema_version":-1,"schema_name":"ColumnSpecsBase","schema_type":"Iced"},"name":"validation_classification_error","type":"double","format":"%.5f","description":"Validation Classification Error"},{"__meta":{"schema_version":-1,"schema_name":"ColumnSpecsBase","schema_type":"Iced"},"name":"validation_auc","type":"double","format":"%.5f","description":"Validation AUC"},{"__meta":{"schema_version":-1,"schema_name":"ColumnSpecsBase","schema_type":"Iced"},"name":"validation_pr_auc","type":"double","format":"%.5f","description":"Validation pr_auc"}],"rowcount":21,"data":[["","","","","","","","","","","","","","","","","","","","",""],["2022-11-22 22:24:37","2022-11-22 22:24:40","2022-11-22 22:24:41","2022-11-22 22:24:42","2022-11-22 22:24:44","2022-11-22 22:24:45","2022-11-22 22:24:46","2022-11-22 22:24:48","2022-11-22 22:24:49","2022-11-22 22:24:50","2022-11-22 22:24:52","2022-11-22 22:24:53","2022-11-22 22:24:54","2022-11-22 22:24:56","2022-11-22 22:24:57","2022-11-22 22:24:58","2022-11-22 22:25:00","2022-11-22 22:25:01","2022-11-22 22:25:02","2022-11-22 22:25:03","2022-11-22 22:25:04"],[" 0.266 sec"," 2.808 sec"," 4.185 sec"," 5.558 sec"," 6.886 sec"," 8.244 sec"," 9.565 sec","10.886 sec","12.242 sec","13.508 sec","14.773 sec","16.090 sec","17.421 sec","18.714 sec","19.942 sec","21.346 sec","22.683 sec","24.149 sec","25.528 sec","26.283 sec","27.182 sec"],[0,5,10,15,20,25,30,35,40,45,50,55,60,65,70,75,80,85,90,95,100],[0.8333333333333031,0.5156309965975947,0.30960952924137786,0.19722621041708535,0.11478516691374183,0.0756347123735306,0.05107176330814705,0.03478327691547525,0.02680932182021351,0.0212442744512669,0.01740611956842743,0.01450938542542477,0.011975233456321047,0.009644235848006086,0.008295152388631802,0.006365862986045715,0.005067727823890212,0.003925571062598812,0.0031341130204478795,0.002392306387932885,0.0020375497745899413],[1.7917594692280547,0.7268199347775499,0.3627501910639008,0.20345855023587317,0.1063170414119571,0.06454668272312651,0.03850118246423658,0.02114638607367469,0.011900089510183806,0.007815668596309475,0.004956129746651299,0.0032396517424737783,0.0020444474785343484,0.001323896084445342,8.494129335078552E-4,5.999726003922872E-4,4.4861965953315897E-4,3.1680448327721876E-4,2.3039444646369317E-4,1.6746920732715903E-4,1.2617885655236887E-4],[0.8274939482736654,0.00468849534972608,0.001554338132246146,0.0015033762262708626,9.173143075551026E-4,7.644285896292522E-4,6.879857306663269E-4,6.370238246910434E-4,6.115428717034017E-4,3.0577143585170085E-4,2.802904828640591E-4,1.7836667091349217E-4,7.644285896292521E-5,2.548095298764174E-5,2.548095298764174E-5,0.0,0.0,0.0,0.0,0.0,0.0],["NaN","NaN","NaN","NaN","NaN","NaN","NaN","NaN","NaN","NaN","NaN","NaN","NaN","NaN","NaN","NaN","NaN","NaN","NaN","NaN","NaN"],["NaN","NaN","NaN","NaN","NaN","NaN","NaN","NaN","NaN","NaN","NaN","NaN","NaN","NaN","NaN","NaN","NaN","NaN","NaN","NaN","NaN"],[0.8333333333332885,0.5211133667477051,0.31811572548890593,0.2074447560077774,0.1242804278701338,0.08456603271276512,0.06042345570552823,0.043892698110264625,0.03684729010910476,0.03472505614949019,0.03288696930673176,0.03209141953459631,0.031235105435423485,0.030436243627437947,0.030821201468191606,0.029826913027062724,0.029469907018888193,0.02981646245677344,0.029728520178958856,0.029859375356799816,0.03010370578917318],[1.7917594692280547,0.7385638282010607,0.3745698833894709,0.21438208005204956,0.11416748166683165,0.07069098459059076,0.04364425274456067,0.02488356189169702,0.01497352922162404,0.01102402985597903,0.008040900569228836,0.00633662470912703,0.005009434877824541,0.004231526416407307,0.003940149795770745,0.003627932213696958,0.0035968235938991606,0.003674913437022915,0.003634709805569934,0.0037147198888129555,0.003863427676199284],[0.8311079400672714,0.004280909183569463,0.0024462338191825503,0.002344307410049944,0.0019366017735195189,0.001528896136989094,0.0014269697278564877,0.001528896136989094,0.0013250433187238814,0.0014269697278564877,0.0013250433187238814,0.0013250433187238814,0.0012231169095912751,0.0012231169095912751,0.0013250433187238814,0.0013250433187238814,0.0013250433187238814,0.0013250433187238814,0.0013250433187238814,0.0012231169095912751,0.0013250433187238814],["NaN","NaN","NaN","NaN","NaN","NaN","NaN","NaN","NaN","NaN","NaN","NaN","NaN","NaN","NaN","NaN","NaN","NaN","NaN","NaN","NaN"],["NaN","NaN","NaN","NaN","NaN","NaN","NaN","NaN","NaN","NaN","NaN","NaN","NaN","NaN","NaN","NaN","NaN","NaN","NaN","NaN","NaN"]]},{"__meta":{"schema_version":3,"schema_name":"TwoDimTableV3","schema_type":"TwoDimTable"},"name":"Scoring History","description":"","columns":[{"__meta":{"schema_version":-1,"schema_name":"ColumnSpecsBase","schema_type":"Iced"},"name":"","type":"string","format":"%s","description":""},{"__meta":{"schema_version":-1,"schema_name":"ColumnSpecsBase","schema_type":"Iced"},"name":"timestamp","type":"string","format":"%s","description":"Timestamp"},{"__meta":{"schema_version":-1,"schema_name":"ColumnSpecsBase","schema_type":"Iced"},"name":"duration","type":"string","format":"%s","description":"Duration"},{"__meta":{"schema_version":-1,"schema_name":"ColumnSpecsBase","schema_type":"Iced"},"name":"number_of_trees","type":"long","format":"%d","description":"Number of Trees"},{"__meta":{"schema_version":-1,"schema_name":"ColumnSpecsBase","schema_type":"Iced"},"name":"training_rmse","type":"double","format":"%.5f","description":"Training RMSE"},{"__meta":{"schema_version":-1,"schema_name":"ColumnSpecsBase","schema_type":"Iced"},"name":"training_logloss","type":"double","format":"%.5f","description":"Training LogLoss"},{"__meta":{"schema_version":-1,"schema_name":"ColumnSpecsBase","schema_type":"Iced"},"name":"training_classification_error","type":"double","format":"%.5f","description":"Training Classification Error"},{"__meta":{"schema_version":-1,"schema_name":"ColumnSpecsBase","schema_type":"Iced"},"name":"training_auc","type":"double","format":"%.5f","description":"Training AUC"},{"__meta":{"schema_version":-1,"schema_name":"ColumnSpecsBase","schema_type":"Iced"},"name":"training_pr_auc","type":"double","format":"%.5f","description":"Training pr_auc"},{"__meta":{"schema_version":-1,"schema_name":"ColumnSpecsBase","schema_type":"Iced"},"name":"validation_rmse","type":"double","format":"%.5f","description":"Validation RMSE"},{"__meta":{"schema_version":-1,"schema_name":"ColumnSpecsBase","schema_type":"Iced"},"name":"validation_logloss","type":"double","format":"%.5f","description":"Validation LogLoss"},{"__meta":{"schema_version":-1,"schema_name":"ColumnSpecsBase","schema_type":"Iced"},"name":"validation_classification_error","type":"double","format":"%.5f","description":"Validation Classification Error"},{"__meta":{"schema_version":-1,"schema_name":"ColumnSpecsBase","schema_type":"Iced"},"name":"validation_auc","type":"double","format":"%.5f","description":"Validation AUC"},{"__meta":{"schema_version":-1,"schema_name":"ColumnSpecsBase","schema_type":"Iced"},"name":"validation_pr_auc","type":"double","format":"%.5f","description":"Validation pr_auc"}],"rowcount":18,"data":[["","","","","","","","","","","","","","","","","",""],["2022-11-22 22:24:37","2022-11-22 22:24:40","2022-11-22 22:24:41","2022-11-22 22:24:42","2022-11-22 22:24:44","2022-11-22 22:24:45","2022-11-22 22:24:47","2022-11-22 22:24:48","2022-11-22 22:24:50","2022-11-22 22:24:51","2022-11-22 22:24:52","2022-11-22 22:24:54","2022-11-22 22:24:55","2022-11-22 22:24:57","2022-11-22 22:24:58","2022-11-22 22:24:59","2022-11-22 22:25:01","2022-11-22 22:25:02"],[" 0.250 sec"," 2.824 sec"," 4.235 sec"," 5.630 sec"," 7.100 sec"," 8.548 sec"," 9.987 sec","11.324 sec","12.749 sec","14.149 sec","15.575 sec","16.940 sec","18.364 sec","19.730 sec","21.133 sec","22.536 sec","23.993 sec","25.530 sec"],[0,5,10,15,20,25,30,35,40,45,50,55,60,65,70,75,80,85],[0.8333333333333031,0.5163793926806431,0.3105039257926497,0.19809520919434342,0.11552383775214502,0.07629114141703763,0.05180207218323579,0.03556314394626341,0.027799955491186974,0.022418737807465384,0.018452854858558153,0.015139892723683625,0.01253086082404084,0.010224160501930925,0.008691320650294276,0.00646626808167336,0.0050682080493580075,0.00400126143946604],[1.7917594692280547,0.728356647705546,0.36410044627992977,0.2045393862127752,0.10698878021697482,0.0649963795212924,0.0388791225763988,0.021372921025995802,0.012134257519829153,0.008008931323830994,0.00512159253653977,0.003353359224772196,0.0021381649419782256,0.0013992733227574394,8.997825494931572E-4,6.24127927539243E-4,4.5860261596815947E-4,3.2540222101599356E-4],[0.8270607720728755,0.004510128678812587,0.0016817428971843548,0.0015033762262708626,9.68276213530386E-4,6.879857306663269E-4,6.625047776786852E-4,6.370238246910434E-4,5.8606191871576E-4,4.84138106765193E-4,2.802904828640591E-4,1.7836667091349217E-4,1.2740476493820868E-4,5.096190597528348E-5,0.0,0.0,0.0,0.0],["NaN","NaN","NaN","NaN","NaN","NaN","NaN","NaN","NaN","NaN","NaN","NaN","NaN","NaN","NaN","NaN","NaN","NaN"],["NaN","NaN","NaN","NaN","NaN","NaN","NaN","NaN","NaN","NaN","NaN","NaN","NaN","NaN","NaN","NaN","NaN","NaN"],[0.8333333333332885,0.5184838048772785,0.314693645112422,0.20467826725039803,0.12258689796960155,0.08325323969107898,0.05949813468703584,0.04188594924671159,0.0343755491903907,0.03190233248521724,0.02944595925332219,0.027909851416062073,0.02715547746590263,0.02696868564949029,0.026857920664023958,0.02699021915151945,0.02742025697567115,0.02789326911259011],[1.7917594692280547,0.732974121688153,0.3697865373670284,0.21106521060919556,0.11227242909613917,0.06947670304097602,0.04271642541081365,0.023920219059979743,0.014174378004165225,0.010289731101481592,0.007241491405452354,0.005423879126322698,0.004239592675859719,0.0035530001149753454,0.0031123930225982954,0.0030068657034783156,0.002959592100407839,0.002967650808374429],[0.8265212516563042,0.005504026093160738,0.0028539394557129754,0.002752013046580369,0.001528896136989094,0.0011211905004586689,0.0010192640913260626,0.0011211905004586689,9.173376821934563E-4,0.0011211905004586689,9.173376821934563E-4,9.173376821934563E-4,9.173376821934563E-4,9.173376821934563E-4,8.1541127306085E-4,8.1541127306085E-4,8.1541127306085E-4,9.173376821934563E-4],["NaN","NaN","NaN","NaN","NaN","NaN","NaN","NaN","NaN","NaN","NaN","NaN","NaN","NaN","NaN","NaN","NaN","NaN"],["NaN","NaN","NaN","NaN","NaN","NaN","NaN","NaN","NaN","NaN","NaN","NaN","NaN","NaN","NaN","NaN","NaN","NaN"]]},{"__meta":{"schema_version":3,"schema_name":"TwoDimTableV3","schema_type":"TwoDimTable"},"name":"Scoring History","description":"","columns":[{"__meta":{"schema_version":-1,"schema_name":"ColumnSpecsBase","schema_type":"Iced"},"name":"","type":"string","format":"%s","description":""},{"__meta":{"schema_version":-1,"schema_name":"ColumnSpecsBase","schema_type":"Iced"},"name":"timestamp","type":"string","format":"%s","description":"Timestamp"},{"__meta":{"schema_version":-1,"schema_name":"ColumnSpecsBase","schema_type":"Iced"},"name":"duration","type":"string","format":"%s","description":"Duration"},{"__meta":{"schema_version":-1,"schema_name":"ColumnSpecsBase","schema_type":"Iced"},"name":"number_of_trees","type":"long","format":"%d","description":"Number of Trees"},{"__meta":{"schema_version":-1,"schema_name":"ColumnSpecsBase","schema_type":"Iced"},"name":"training_rmse","type":"double","format":"%.5f","description":"Training RMSE"},{"__meta":{"schema_version":-1,"schema_name":"ColumnSpecsBase","schema_type":"Iced"},"name":"training_logloss","type":"double","format":"%.5f","description":"Training LogLoss"},{"__meta":{"schema_version":-1,"schema_name":"ColumnSpecsBase","schema_type":"Iced"},"name":"training_classification_error","type":"double","format":"%.5f","description":"Training Classification Error"},{"__meta":{"schema_version":-1,"schema_name":"ColumnSpecsBase","schema_type":"Iced"},"name":"training_auc","type":"double","format":"%.5f","description":"Training AUC"},{"__meta":{"schema_version":-1,"schema_name":"ColumnSpecsBase","schema_type":"Iced"},"name":"training_pr_auc","type":"double","format":"%.5f","description":"Training pr_auc"},{"__meta":{"schema_version":-1,"schema_name":"ColumnSpecsBase","schema_type":"Iced"},"name":"validation_rmse","type":"double","format":"%.5f","description":"Validation RMSE"},{"__meta":{"schema_version":-1,"schema_name":"ColumnSpecsBase","schema_type":"Iced"},"name":"validation_logloss","type":"double","format":"%.5f","description":"Validation LogLoss"},{"__meta":{"schema_version":-1,"schema_name":"ColumnSpecsBase","schema_type":"Iced"},"name":"validation_classification_error","type":"double","format":"%.5f","description":"Validation Classification Error"},{"__meta":{"schema_version":-1,"schema_name":"ColumnSpecsBase","schema_type":"Iced"},"name":"validation_auc","type":"double","format":"%.5f","description":"Validation AUC"},{"__meta":{"schema_version":-1,"schema_name":"ColumnSpecsBase","schema_type":"Iced"},"name":"validation_pr_auc","type":"double","format":"%.5f","description":"Validation pr_auc"}],"rowcount":24,"data":[["","","","","","","","","","","","","","","","","","","","","","","",""],["2022-11-22 22:24:37","2022-11-22 22:24:40","2022-11-22 22:24:41","2022-11-22 22:24:42","2022-11-22 22:24:44","2022-11-22 22:24:45","2022-11-22 22:24:47","2022-11-22 22:24:48","2022-11-22 22:24:49","2022-11-22 22:24:51","2022-11-22 22:24:52","2022-11-22 22:24:53","2022-11-22 22:24:55","2022-11-22 22:24:56","2022-11-22 22:24:57","2022-11-22 22:24:59","2022-11-22 22:25:00","2022-11-22 22:25:02","2022-11-22 22:25:03","2022-11-22 22:25:04","2022-11-22 22:25:05","2022-11-22 22:25:05","2022-11-22 22:25:06","2022-11-22 22:25:07"],[" 0.250 sec"," 2.784 sec"," 4.214 sec"," 5.595 sec"," 7.015 sec"," 8.379 sec"," 9.784 sec","11.105 sec","12.414 sec","13.812 sec","15.160 sec","16.508 sec","17.863 sec","19.186 sec","20.588 sec","21.921 sec","23.221 sec","24.686 sec","25.914 sec","27.037 sec","27.805 sec","28.477 sec","29.159 sec","29.672 sec"],[0,5,10,15,20,25,30,35,40,45,50,55,60,65,70,75,80,85,90,95,100,105,110,114],[0.8333333333333031,0.5160538155231071,0.3101684030083329,0.1976493880784854,0.11533073231170686,0.07625348967654813,0.05184263562825333,0.03558246437791699,0.027394869195969004,0.022013656280265526,0.018026001306555964,0.015223910180865547,0.012440507456769785,0.010531964735999287,0.008702190941135094,0.006551274751538931,0.005085728884808734,0.004096355025624142,0.0030577984326261402,0.002282436035543073,0.001878924539582303,0.001490036740972309,0.0011888011238124208,0.0010174279003665365],[1.7917594692280547,0.7277007167675164,0.3636411197739432,0.2041131289810157,0.10684694665060664,0.06498239363672989,0.03886514293725098,0.021415180554540645,0.012045973065525442,0.007947766706724604,0.005061442295436829,0.003346809380803132,0.0021340904732671737,0.001416648042975315,9.052845869034568E-4,6.347356971933081E-4,4.714222608836934E-4,3.4022884826837463E-4,2.4339202183760626E-4,1.7314935871050023E-4,1.3052012115284412E-4,9.737769536738286E-5,7.261003569420883E-5,5.926807187140423E-5],[0.8283348197222576,0.004433685819849663,0.0018091476621225635,0.00175818575614728,0.0010447190724933112,7.899095426168939E-4,7.134666836539687E-4,6.370238246910434E-4,5.8606191871576E-4,3.822142948146261E-4,3.312523888393426E-4,2.5480952987641737E-4,1.2740476493820868E-4,0.0,0.0,0.0,0.0,0.0,0.0,0.0,0.0,0.0,0.0,0.0],["NaN","NaN","NaN","NaN","NaN","NaN","NaN","NaN","NaN","NaN","NaN","NaN","NaN","NaN","NaN","NaN","NaN","NaN","NaN","NaN","NaN","NaN","NaN","NaN"],["NaN","NaN","NaN","NaN","NaN","NaN","NaN","NaN","NaN","NaN","NaN","NaN","NaN","NaN","NaN","NaN","NaN","NaN","NaN","NaN","NaN","NaN","NaN","NaN"],[0.8333333333332885,0.5191617910507188,0.3157551480181835,0.205718821398293,0.1234034533528195,0.0835522965259373,0.05926222157741051,0.04105851810933011,0.03305869723803691,0.029634043256038536,0.026999016763537543,0.02547920016842943,0.024568503737752673,0.024025756297827463,0.02378228930306158,0.023182178203081938,0.02254624613309202,0.02254029337218734,0.022416330290700694,0.02221477525305191,0.022333206480920333,0.02215901226954695,0.02237535280491979,0.022639550248917884],[1.7917594692280547,0.7344615763634753,0.37127995613849296,0.2121341473525499,0.11278242265220977,0.06957450245845632,0.04275950657228302,0.023928767390394068,0.014016477151276612,0.009998067258614815,0.006932252459568515,0.0050817176323505395,0.00379207504466048,0.003053058519938874,0.002568568640602399,0.0023024605310451303,0.0020813847999699977,0.0020148832744781055,0.00195580452478172,0.0019178573770145901,0.001939464374966678,0.0019545686476359833,0.002006178146719839,0.0021058887807909365],[0.8259096932015085,0.006115584547956376,0.0024462338191825503,0.0029558658648455817,0.0011211905004586689,9.173376821934563E-4,8.1541127306085E-4,9.173376821934563E-4,9.173376821934563E-4,7.134848639282438E-4,7.134848639282438E-4,7.134848639282438E-4,6.115584547956376E-4,6.115584547956376E-4,6.115584547956376E-4,6.115584547956376E-4,6.115584547956376E-4,5.096320456630313E-4,5.096320456630313E-4,5.096320456630313E-4,5.096320456630313E-4,5.096320456630313E-4,5.096320456630313E-4,5.096320456630313E-4],["NaN","NaN","NaN","NaN","NaN","NaN","NaN","NaN","NaN","NaN","NaN","NaN","NaN","NaN","NaN","NaN","NaN","NaN","NaN","NaN","NaN","NaN","NaN","NaN"],["NaN","NaN","NaN","NaN","NaN","NaN","NaN","NaN","NaN","NaN","NaN","NaN","NaN","NaN","NaN","NaN","NaN","NaN","NaN","NaN","NaN","NaN","NaN","NaN"]]}],"reproducibility_information_table":[{"__meta":{"schema_version":3,"schema_name":"TwoDimTableV3","schema_type":"TwoDimTable"},"name":"Node Information","description":"","columns":[{"__meta":{"schema_version":-1,"schema_name":"ColumnSpecsBase","schema_type":"Iced"},"name":"","type":"string","format":"%s","description":""},{"__meta":{"schema_version":-1,"schema_name":"ColumnSpecsBase","schema_type":"Iced"},"name":"node","type":"int","format":"%d","description":"node"},{"__meta":{"schema_version":-1,"schema_name":"ColumnSpecsBase","schema_type":"Iced"},"name":"h2o","type":"string","format":"%s","description":"h2o"},{"__meta":{"schema_version":-1,"schema_name":"ColumnSpecsBase","schema_type":"Iced"},"name":"healthy","type":"string","format":"%s","description":"healthy"},{"__meta":{"schema_version":-1,"schema_name":"ColumnSpecsBase","schema_type":"Iced"},"name":"last_ping","type":"string","format":"%s","description":"last_ping"},{"__meta":{"schema_version":-1,"schema_name":"ColumnSpecsBase","schema_type":"Iced"},"name":"num_cpus","type":"int","format":"%d","description":"num_cpus"},{"__meta":{"schema_version":-1,"schema_name":"ColumnSpecsBase","schema_type":"Iced"},"name":"sys_load","type":"double","format":"%.5f","description":"sys_load"},{"__meta":{"schema_version":-1,"schema_name":"ColumnSpecsBase","schema_type":"Iced"},"name":"mem_value_size","type":"long","format":"%d","description":"mem_value_size"},{"__meta":{"schema_version":-1,"schema_name":"ColumnSpecsBase","schema_type":"Iced"},"name":"free_mem","type":"long","format":"%d","description":"free_mem"},{"__meta":{"schema_version":-1,"schema_name":"ColumnSpecsBase","schema_type":"Iced"},"name":"pojo_mem","type":"long","format":"%d","description":"pojo_mem"},{"__meta":{"schema_version":-1,"schema_name":"ColumnSpecsBase","schema_type":"Iced"},"name":"swap_mem","type":"long","format":"%d","description":"swap_mem"},{"__meta":{"schema_version":-1,"schema_name":"ColumnSpecsBase","schema_type":"Iced"},"name":"free_disc","type":"long","format":"%d","description":"free_disc"},{"__meta":{"schema_version":-1,"schema_name":"ColumnSpecsBase","schema_type":"Iced"},"name":"max_disc","type":"long","format":"%d","description":"max_disc"},{"__meta":{"schema_version":-1,"schema_name":"ColumnSpecsBase","schema_type":"Iced"},"name":"pid","type":"int","format":"%d","description":"pid"},{"__meta":{"schema_version":-1,"schema_name":"ColumnSpecsBase","schema_type":"Iced"},"name":"num_keys","type":"int","format":"%d","description":"num_keys"},{"__meta":{"schema_version":-1,"schema_name":"ColumnSpecsBase","schema_type":"Iced"},"name":"tcps_active","type":"string","format":"%s","description":"tcps_active"},{"__meta":{"schema_version":-1,"schema_name":"ColumnSpecsBase","schema_type":"Iced"},"name":"open_fds","type":"int","format":"%d","description":"open_fds"},{"__meta":{"schema_version":-1,"schema_name":"ColumnSpecsBase","schema_type":"Iced"},"name":"rpcs_active","type":"string","format":"%s","description":"rpcs_active"},{"__meta":{"schema_version":-1,"schema_name":"ColumnSpecsBase","schema_type":"Iced"},"name":"nthreads","type":"int","format":"%d","description":"nthreads"},{"__meta":{"schema_version":-1,"schema_name":"ColumnSpecsBase","schema_type":"Iced"},"name":"is_leader","type":"string","format":"%s","description":"is_leader"},{"__meta":{"schema_version":-1,"schema_name":"ColumnSpecsBase","schema_type":"Iced"},"name":"total_mem","type":"long","format":"%d","description":"total_mem"},{"__meta":{"schema_version":-1,"schema_name":"ColumnSpecsBase","schema_type":"Iced"},"name":"max_mem","type":"long","format":"%d","description":"max_mem"},{"__meta":{"schema_version":-1,"schema_name":"ColumnSpecsBase","schema_type":"Iced"},"name":"java_version","type":"string","format":"%s","description":"java_version"},{"__meta":{"schema_version":-1,"schema_name":"ColumnSpecsBase","schema_type":"Iced"},"name":"jvm_launch_parameters","type":"string","format":"%s","description":"jvm_launch_parameters"},{"__meta":{"schema_version":-1,"schema_name":"ColumnSpecsBase","schema_type":"Iced"},"name":"os_version","type":"string","format":"%s","description":"os_version"},{"__meta":{"schema_version":-1,"schema_name":"ColumnSpecsBase","schema_type":"Iced"},"name":"machine_physical_mem","type":"long","format":"%d","description":"machine_physical_mem"},{"__meta":{"schema_version":-1,"schema_name":"ColumnSpecsBase","schema_type":"Iced"},"name":"machine_locale","type":"string","format":"%s","description":"machine_locale"}],"rowcount":1,"data":[[""],[0],["127.0.0.1:54321"],["true"],["1669166717300"],[12],[0.12783605],[101607278],[3244713463],[424882843],[0],[278972596224],[481518682112],[10896],[10472],["\u0000"],[-1],["\u0000"],[12],["true"],[1889533952],[3771203584],["Java 1.8.0_261 (from Oracle Corporation)"],["[-ea]"],["Windows 10 10.0 (amd64)"],[16963268608],["pt_BR"]]},{"__meta":{"schema_version":3,"schema_name":"TwoDimTableV3","schema_type":"TwoDimTable"},"name":"Cluster Configuration","description":"","columns":[{"__meta":{"schema_version":-1,"schema_name":"ColumnSpecsBase","schema_type":"Iced"},"name":"","type":"string","format":"%s","description":""},{"__meta":{"schema_version":-1,"schema_name":"ColumnSpecsBase","schema_type":"Iced"},"name":"h2o_cluster_uptime","type":"long","format":"%d","description":"H2O cluster uptime"},{"__meta":{"schema_version":-1,"schema_name":"ColumnSpecsBase","schema_type":"Iced"},"name":"h2o_cluster_timezone","type":"string","format":"%s","description":"H2O cluster timezone"},{"__meta":{"schema_version":-1,"schema_name":"ColumnSpecsBase","schema_type":"Iced"},"name":"h2o_data_parsing_timezone","type":"string","format":"%s","description":"H2O data parsing timezone"},{"__meta":{"schema_version":-1,"schema_name":"ColumnSpecsBase","schema_type":"Iced"},"name":"h2o_cluster_version","type":"string","format":"%s","description":"H2O cluster version"},{"__meta":{"schema_version":-1,"schema_name":"ColumnSpecsBase","schema_type":"Iced"},"name":"h2o_cluster_version_age","type":"string","format":"%s","description":"H2O cluster version age"},{"__meta":{"schema_version":-1,"schema_name":"ColumnSpecsBase","schema_type":"Iced"},"name":"h2o_cluster_name","type":"string","format":"%s","description":"H2O cluster name"},{"__meta":{"schema_version":-1,"schema_name":"ColumnSpecsBase","schema_type":"Iced"},"name":"h2o_cluster_total_nodes","type":"int","format":"%d","description":"H2O cluster total nodes"},{"__meta":{"schema_version":-1,"schema_name":"ColumnSpecsBase","schema_type":"Iced"},"name":"h2o_cluster_free_memory","type":"long","format":"%d","description":"H2O cluster free memory"},{"__meta":{"schema_version":-1,"schema_name":"ColumnSpecsBase","schema_type":"Iced"},"name":"h2o_cluster_total_cores","type":"int","format":"%d","description":"H2O cluster total cores"},{"__meta":{"schema_version":-1,"schema_name":"ColumnSpecsBase","schema_type":"Iced"},"name":"h2o_cluster_allowed_cores","type":"int","format":"%d","description":"H2O cluster allowed cores"},{"__meta":{"schema_version":-1,"schema_name":"ColumnSpecsBase","schema_type":"Iced"},"name":"h2o_cluster_status","type":"string","format":"%s","description":"H2O cluster status"},{"__meta":{"schema_version":-1,"schema_name":"ColumnSpecsBase","schema_type":"Iced"},"name":"h2o_internal_security","type":"string","format":"%s","description":"H2O internal security"},{"__meta":{"schema_version":-1,"schema_name":"ColumnSpecsBase","schema_type":"Iced"},"name":"h2o_api_extensions","type":"string","format":"%s","description":"H2O API Extensions"}],"rowcount":1,"data":[[""],[488323],["America/Sao_Paulo"],["UTC"],["3.36.1.2"],["5 months and 27 days"],["H2O_from_python_maxde_8z3o7y"],[1],[3244713463],[12],[12],["locked, healthly"],["false"],["Amazon S3, Algos, Infogram, AutoML, Core V3, TargetEncoder, Core V4"]]},{"__meta":{"schema_version":3,"schema_name":"TwoDimTableV3","schema_type":"TwoDimTable"},"name":"Input Frames Information","description":"","columns":[{"__meta":{"schema_version":-1,"schema_name":"ColumnSpecsBase","schema_type":"Iced"},"name":"","type":"string","format":"%s","description":""},{"__meta":{"schema_version":-1,"schema_name":"ColumnSpecsBase","schema_type":"Iced"},"name":"input_frame","type":"string","format":"%s","description":"Input Frame"},{"__meta":{"schema_version":-1,"schema_name":"ColumnSpecsBase","schema_type":"Iced"},"name":"checksum","type":"long","format":"%d","description":"Checksum"},{"__meta":{"schema_version":-1,"schema_name":"ColumnSpecsBase","schema_type":"Iced"},"name":"espc","type":"string","format":"%d","description":"ESPC"}],"rowcount":3,"data":[["","",""],["training_frame","validation_frame","calibration_frame"],[5736260034681291496,5736376610051101672,-1],["[0, 4088, 8176, 12264, 16352, 20440, 24528, 28616, 32704, 36792, 40880, 44968, 49056]","[0, 5050, 5553]","-1"]]}],"training_metrics":{"__meta":{"schema_version":3,"schema_name":"ModelMetricsMultinomialV3","schema_type":"ModelMetricsMultinomial"},"model":{"__meta":{"schema_version":3,"schema_name":"ModelKeyV3","schema_type":"Key<Model>"},"name":"GBM_1_AutoML_1_20221122_222405","type":"Key<Model>","URL":"/3/Models/GBM_1_AutoML_1_20221122_222405"},"model_checksum":-6040019434157818964,"frame":{"__meta":{"schema_version":3,"schema_name":"FrameKeyV3","schema_type":"Key<Frame>"},"name":"AutoML_1_20221122_222405_training_train_hdf","type":"Key<Frame>","URL":"/3/Frames/AutoML_1_20221122_222405_training_train_hdf"},"frame_checksum":5736260034681291496,"description":null,"model_category":"Multinomial","scoring_time":1669166724377,"predictions":null,"MSE":5.7504324507800985E-6,"RMSE":0.0023980059321820073,"nobs":49056,"custom_metric_name":null,"custom_metric_value":0.0,"r2":0.9999978406817934,"hit_ratio_table":{"__meta":{"schema_version":3,"schema_name":"TwoDimTableV3","schema_type":"TwoDimTable"},"name":"Top-6 Hit Ratios","description":"","columns":[{"__meta":{"schema_version":-1,"schema_name":"ColumnSpecsBase","schema_type":"Iced"},"name":"k","type":"string","format":"%s","description":"K"},{"__meta":{"schema_version":-1,"schema_name":"ColumnSpecsBase","schema_type":"Iced"},"name":"hit_ratio","type":"float","format":"%f","description":"Hit Ratio"}],"rowcount":6,"data":[["1","2","3","4","5","6"],[1.0,1.0,1.0,1.0,1.0,1.0]]},"cm":{"__meta":{"schema_version":3,"schema_name":"ConfusionMatrixV3","schema_type":"ConfusionMatrix"},"table":{"__meta":{"schema_version":3,"schema_name":"TwoDimTableV3","schema_type":"TwoDimTable"},"name":"Confusion Matrix","description":"Row labels: Actual class; Column labels: Predicted class","columns":[{"__meta":{"schema_version":-1,"schema_name":"ColumnSpecsBase","schema_type":"Iced"},"name":"0","type":"long","format":"%d","description":"0"},{"__meta":{"schema_version":-1,"schema_name":"ColumnSpecsBase","schema_type":"Iced"},"name":"1","type":"long","format":"%d","description":"1"},{"__meta":{"schema_version":-1,"schema_name":"ColumnSpecsBase","schema_type":"Iced"},"name":"2","type":"long","format":"%d","description":"2"},{"__meta":{"schema_version":-1,"schema_name":"ColumnSpecsBase","schema_type":"Iced"},"name":"3","type":"long","format":"%d","description":"3"},{"__meta":{"schema_version":-1,"schema_name":"ColumnSpecsBase","schema_type":"Iced"},"name":"4","type":"long","format":"%d","description":"4"},{"__meta":{"schema_version":-1,"schema_name":"ColumnSpecsBase","schema_type":"Iced"},"name":"5","type":"long","format":"%d","description":"5"},{"__meta":{"schema_version":-1,"schema_name":"ColumnSpecsBase","schema_type":"Iced"},"name":"Error","type":"double","format":"%.4f","description":"Error"},{"__meta":{"schema_version":-1,"schema_name":"ColumnSpecsBase","schema_type":"Iced"},"name":"Rate","type":"string","format":"= %10s","description":"Rate"}],"rowcount":7,"data":[[6944,0,0,0,0,0,6944],[0,6415,0,0,0,0,6415],[0,0,7130,0,0,0,7130],[0,0,0,11965,0,0,11965],[0,0,0,0,8576,0,8576],[0,0,0,0,0,8026,8026],[0.0,0.0,0.0,0.0,0.0,0.0,0.0],["0 / 6.944","0 / 6.415","0 / 7.130","0 / 11.965","0 / 8.576","0 / 8.026","0 / 49.056"]]}},"logloss":1.703832691084843E-4,"mean_per_class_error":0.0,"AUC":"NaN","pr_auc":"NaN","multinomial_auc_table":null,"multinomial_aucpr_table":null},"validation_metrics":{"__meta":{"schema_version":3,"schema_name":"ModelMetricsMultinomialV3","schema_type":"ModelMetricsMultinomial"},"model":{"__meta":{"schema_version":3,"schema_name":"ModelKeyV3","schema_type":"Key<Model>"},"name":"GBM_1_AutoML_1_20221122_222405","type":"Key<Model>","URL":"/3/Models/GBM_1_AutoML_1_20221122_222405"},"model_checksum":-6040019434157818964,"frame":{"__meta":{"schema_version":3,"schema_name":"FrameKeyV3","schema_type":"Key<Frame>"},"name":"valid_hdf","type":"Key<Frame>","URL":"/3/Frames/valid_hdf"},"frame_checksum":5736376610051101672,"description":null,"model_category":"Multinomial","scoring_time":1669166724439,"predictions":null,"MSE":5.707627579752733E-4,"RMSE":0.023890641640091487,"nobs":5553,"custom_metric_name":null,"custom_metric_value":0.0,"r2":0.9997910669297947,"hit_ratio_table":{"__meta":{"schema_version":3,"schema_name":"TwoDimTableV3","schema_type":"TwoDimTable"},"name":"Top-6 Hit Ratios","description":"","columns":[{"__meta":{"schema_version":-1,"schema_name":"ColumnSpecsBase","schema_type":"Iced"},"name":"k","type":"string","format":"%s","description":"K"},{"__meta":{"schema_version":-1,"schema_name":"ColumnSpecsBase","schema_type":"Iced"},"name":"hit_ratio","type":"float","format":"%f","description":"Hit Ratio"}],"rowcount":6,"data":[["1","2","3","4","5","6"],[0.9990996,1.0,1.0,1.0,1.0,1.0]]},"cm":{"__meta":{"schema_version":3,"schema_name":"ConfusionMatrixV3","schema_type":"ConfusionMatrix"},"table":{"__meta":{"schema_version":3,"schema_name":"TwoDimTableV3","schema_type":"TwoDimTable"},"name":"Confusion Matrix","description":"Row labels: Actual class; Column labels: Predicted class","columns":[{"__meta":{"schema_version":-1,"schema_name":"ColumnSpecsBase","schema_type":"Iced"},"name":"0","type":"long","format":"%d","description":"0"},{"__meta":{"schema_version":-1,"schema_name":"ColumnSpecsBase","schema_type":"Iced"},"name":"1","type":"long","format":"%d","description":"1"},{"__meta":{"schema_version":-1,"schema_name":"ColumnSpecsBase","schema_type":"Iced"},"name":"2","type":"long","format":"%d","description":"2"},{"__meta":{"schema_version":-1,"schema_name":"ColumnSpecsBase","schema_type":"Iced"},"name":"3","type":"long","format":"%d","description":"3"},{"__meta":{"schema_version":-1,"schema_name":"ColumnSpecsBase","schema_type":"Iced"},"name":"4","type":"long","format":"%d","description":"4"},{"__meta":{"schema_version":-1,"schema_name":"ColumnSpecsBase","schema_type":"Iced"},"name":"5","type":"long","format":"%d","description":"5"},{"__meta":{"schema_version":-1,"schema_name":"ColumnSpecsBase","schema_type":"Iced"},"name":"Error","type":"double","format":"%.4f","description":"Error"},{"__meta":{"schema_version":-1,"schema_name":"ColumnSpecsBase","schema_type":"Iced"},"name":"Rate","type":"string","format":"= %9s","description":"Rate"}],"rowcount":7,"data":[[888,0,0,0,0,0,888],[0,706,0,0,0,0,706],[0,0,787,0,4,0,791],[0,0,0,1372,0,0,1372],[0,0,0,0,919,0,919],[0,0,0,0,1,876,877],[0.0,0.0,0.0,0.0,0.005411255411255411,0.0,9.004141905276427E-4],["0 / 888","0 / 706","0 / 787","0 / 1.372","5 / 924","0 / 876","5 / 5.553"]]}},"logloss":0.0019379531100200314,"mean_per_class_error":9.018759018759019E-4,"AUC":"NaN","pr_auc":"NaN","multinomial_auc_table":null,"multinomial_aucpr_table":null},"cross_validation_metrics":{"__meta":{"schema_version":3,"schema_name":"ModelMetricsMultinomialV3","schema_type":"ModelMetricsMultinomial"},"model":{"__meta":{"schema_version":3,"schema_name":"ModelKeyV3","schema_type":"Key<Model>"},"name":"GBM_1_AutoML_1_20221122_222405","type":"Key<Model>","URL":"/3/Models/GBM_1_AutoML_1_20221122_222405"},"model_checksum":-6040019434157818964,"frame":{"__meta":{"schema_version":3,"schema_name":"FrameKeyV3","schema_type":"Key<Frame>"},"name":"AutoML_1_20221122_222405_training_train_hdf","type":"Key<Frame>","URL":"/3/Frames/AutoML_1_20221122_222405_training_train_hdf"},"frame_checksum":5736260034681291496,"description":"5-fold cross-validation on training data (Metrics computed for combined holdout predictions)","model_category":"Multinomial","scoring_time":1669166724455,"predictions":null,"MSE":7.032509245780559E-4,"RMSE":0.02651887864480804,"nobs":49056,"custom_metric_name":null,"custom_metric_value":0.0,"r2":0.9997359255085154,"hit_ratio_table":{"__meta":{"schema_version":3,"schema_name":"TwoDimTableV3","schema_type":"TwoDimTable"},"name":"Top-6 Hit Ratios","description":"","columns":[{"__meta":{"schema_version":-1,"schema_name":"ColumnSpecsBase","schema_type":"Iced"},"name":"k","type":"string","format":"%s","description":"K"},{"__meta":{"schema_version":-1,"schema_name":"ColumnSpecsBase","schema_type":"Iced"},"name":"hit_ratio","type":"float","format":"%f","description":"Hit Ratio"}],"rowcount":6,"data":[["1","2","3","4","5","6"],[0.99912345,0.9999796,1.0,1.0,1.0,1.0]]},"cm":{"__meta":{"schema_version":3,"schema_name":"ConfusionMatrixV3","schema_type":"ConfusionMatrix"},"table":{"__meta":{"schema_version":3,"schema_name":"TwoDimTableV3","schema_type":"TwoDimTable"},"name":"Confusion Matrix","description":"Row labels: Actual class; Column labels: Predicted class","columns":[{"__meta":{"schema_version":-1,"schema_name":"ColumnSpecsBase","schema_type":"Iced"},"name":"0","type":"long","format":"%d","description":"0"},{"__meta":{"schema_version":-1,"schema_name":"ColumnSpecsBase","schema_type":"Iced"},"name":"1","type":"long","format":"%d","description":"1"},{"__meta":{"schema_version":-1,"schema_name":"ColumnSpecsBase","schema_type":"Iced"},"name":"2","type":"long","format":"%d","description":"2"},{"__meta":{"schema_version":-1,"schema_name":"ColumnSpecsBase","schema_type":"Iced"},"name":"3","type":"long","format":"%d","description":"3"},{"__meta":{"schema_version":-1,"schema_name":"ColumnSpecsBase","schema_type":"Iced"},"name":"4","type":"long","format":"%d","description":"4"},{"__meta":{"schema_version":-1,"schema_name":"ColumnSpecsBase","schema_type":"Iced"},"name":"5","type":"long","format":"%d","description":"5"},{"__meta":{"schema_version":-1,"schema_name":"ColumnSpecsBase","schema_type":"Iced"},"name":"Error","type":"double","format":"%.4f","description":"Error"},{"__meta":{"schema_version":-1,"schema_name":"ColumnSpecsBase","schema_type":"Iced"},"name":"Rate","type":"string","format":"= %11s","description":"Rate"}],"rowcount":7,"data":[[6941,0,0,0,1,0,6942],[0,6415,0,0,0,0,6415],[0,0,7109,0,15,0,7124],[0,0,4,11965,0,0,11969],[0,0,17,0,8557,0,8574],[3,0,0,0,3,8026,8032],[4.320276497695853E-4,0.0,0.0029453015427769987,0.0,0.0022154850746268656,0.0,8.76549249836921E-4],["3 / 6.944","0 / 6.415","21 / 7.130","0 / 11.965","19 / 8.576","0 / 8.026","43 / 49.056"]]}},"logloss":0.0029060628668281523,"mean_per_class_error":9.321357111955749E-4,"AUC":"NaN","pr_auc":"NaN","multinomial_auc_table":null,"multinomial_aucpr_table":null},"cross_validation_metrics_summary":{"__meta":{"schema_version":3,"schema_name":"TwoDimTableV3","schema_type":"TwoDimTable"},"name":"Cross-Validation Metrics Summary","description":"","columns":[{"__meta":{"schema_version":-1,"schema_name":"ColumnSpecsBase","schema_type":"Iced"},"name":"","type":"string","format":"%s","description":""},{"__meta":{"schema_version":-1,"schema_name":"ColumnSpecsBase","schema_type":"Iced"},"name":"mean","type":"float","format":"%f","description":"mean"},{"__meta":{"schema_version":-1,"schema_name":"ColumnSpecsBase","schema_type":"Iced"},"name":"sd","type":"float","format":"%f","description":"sd"},{"__meta":{"schema_version":-1,"schema_name":"ColumnSpecsBase","schema_type":"Iced"},"name":"cv_1_valid","type":"float","format":"%f","description":"cv_1_valid"},{"__meta":{"schema_version":-1,"schema_name":"ColumnSpecsBase","schema_type":"Iced"},"name":"cv_2_valid","type":"float","format":"%f","description":"cv_2_valid"},{"__meta":{"schema_version":-1,"schema_name":"ColumnSpecsBase","schema_type":"Iced"},"name":"cv_3_valid","type":"float","format":"%f","description":"cv_3_valid"},{"__meta":{"schema_version":-1,"schema_name":"ColumnSpecsBase","schema_type":"Iced"},"name":"cv_4_valid","type":"float","format":"%f","description":"cv_4_valid"},{"__meta":{"schema_version":-1,"schema_name":"ColumnSpecsBase","schema_type":"Iced"},"name":"cv_5_valid","type":"float","format":"%f","description":"cv_5_valid"}],"rowcount":12,"data":[["accuracy","auc","err","err_count","logloss","max_per_class_error","mean_per_class_accuracy","mean_per_class_error","mse","pr_auc","r2","rmse"],[0.99910307,"NaN",8.969316E-4,8.8,0.002931366,0.003243028,0.9990441,9.558836E-4,7.182796E-4,"NaN",0.99973077,0.026611598],[3.0914784E-4,0.0,3.0914784E-4,3.0331502,7.674074E-4,9.558851E-4,3.2730238E-4,3.2730238E-4,1.861764E-4,0.0,6.772579E-5,0.0035535956],[0.9989808,"NaN",0.0010191603,10.0,0.003490004,0.0043446776,0.99888784,0.0011121611,8.654325E-4,"NaN",0.99968183,0.029418234],[0.99928653,"NaN",7.134849E-4,7.0,0.0022298591,0.0035236082,0.9992192,7.808414E-4,5.2914873E-4,"NaN",0.99979943,0.023003234],[0.9986749,"NaN",0.0013250433,13.0,0.0038634278,0.0035460992,0.998607,0.0013930316,9.062331E-4,"NaN",0.9996582,0.030103706],[0.9990827,"NaN",9.1733766E-4,9.0,0.0029676508,0.003052503,0.99903554,9.6443517E-4,7.7803445E-4,"NaN",0.99970925,0.02789327],[0.9994904,"NaN",5.0963205E-4,5.0,0.0021058887,0.0017482517,0.99947107,5.289486E-4,5.1254925E-4,"NaN",0.99980503,0.02263955]]},"status":null,"start_time":1669166717963,"end_time":1669166724439,"run_time":6476,"default_threshold":0.5,"help":{"domains":"Domains for categorical columns", "__meta":"Metadata on this schema instance, to make it self-describing.", "help":"Help information for output fields", "training_metrics":"Training data model metrics", "cross_validation_models":"Cross-validation models (model ids)", "cross_validation_predictions":"Cross-validation predictions, one per cv model (deprecated, use cross_validation_holdout_predictions_frame_id instead)", "cross_validation_metrics_summary":"Cross-validation model metrics summary", "status":"Job status", "reproducibility_information_table":"Model reproducibility information", "variable_importances":"Variable Importances", "model_summary":"Model summary", "end_time":"End time in milliseconds", "names":"Column names", "cross_validation_fold_assignment_frame_id":"Cross-validation fold assignment (each row is assigned to one holdout fold)", "run_time":"Runtime in milliseconds", "default_threshold":"Default threshold used for predictions", "scoring_history":"Scoring history", "cross_validation_holdout_predictions_frame_id":"Cross-validation holdout predictions (full out-of-sample predictions on training data)", "init_f":"The Intercept term, the initial model function value to which trees make adjustments", "model_category":"Category of the model (e.g., Binomial)", "column_types":"Column types", "original_names":"Original column names", "start_time":"Start time in milliseconds", "cv_scoring_history":"Cross-Validation scoring history", "cross_validation_metrics":"Cross-validation model metrics", "validation_metrics":"Validation data model metrics"},"variable_importances":{"__meta":{"schema_version":3,"schema_name":"TwoDimTableV3","schema_type":"TwoDimTable"},"name":"Variable Importances","description":"","columns":[{"__meta":{"schema_version":-1,"schema_name":"ColumnSpecsBase","schema_type":"Iced"},"name":"variable","type":"string","format":"%s","description":"Variable"},{"__meta":{"schema_version":-1,"schema_name":"ColumnSpecsBase","schema_type":"Iced"},"name":"relative_importance","type":"double","format":"%5f","description":"Relative Importance"},{"__meta":{"schema_version":-1,"schema_name":"ColumnSpecsBase","schema_type":"Iced"},"name":"scaled_importance","type":"double","format":"%5f","description":"Scaled Importance"},{"__meta":{"schema_version":-1,"schema_name":"ColumnSpecsBase","schema_type":"Iced"},"name":"percentage","type":"double","format":"%5f","description":"Percentage"}],"rowcount":11,"data":[["department","avg_training_score","recruitment_channel","kpis_met_80","education","previous_year_rating","region","age","gender","length_of_service","no_of_trainings"],[48136.0546875,32477.5625,30626.873046875,23394.21484375,4971.42724609375,2090.34521484375,1678.782470703125,1013.7308959960938,897.4959106445312,314.33563232421875,163.2628936767578],[1.0,0.6747034569169582,0.6362564037643951,0.48600191676749577,0.10327866042134802,0.04342576948639233,0.03487578036051783,0.021059700521308823,0.018644982777900856,0.006530149476621848,0.003391696613622845],[0.3302326123367493,0.22280908513032247,0.21011261433110168,0.1604936825747975,0.034105981829581786,0.014340605300224834,0.0115171200557365,0.0069545999181814125,0.006157181369719899,0.0021564683206142885,0.001120048832970378]]},"init_f":0.0},"compatible_frames":null}
